Van Heusen Men's Regular Fit Polo Shirt,629,src/main/resources/data/images/fashion/Mens TShirts0.png
Van Heusen Men's Regular Polo Shirt,1048,src/main/resources/data/images/fashion/Mens TShirts1.png
AMERICAN CREW Men's Polo Collar Half Sleeve T-Shirt,599,src/main/resources/data/images/fashion/Mens TShirts2.png
AMERICAN CREW Polo T-Shirts for Men,614,src/main/resources/data/images/fashion/Mens TShirts3.png
Jockey Men's Regular Fit Round Neck Half Sleeved T-Shirt,548,src/main/resources/data/images/fashion/Mens TShirts4.png
adidas Team 19 Singlet - Women's Track and Field,4138,src/main/resources/data/images/fashion/Mens TShirts5.png
Van Heusen Men's Regular Fit Polo Shirt,629,src/main/resources/data/images/fashion/Mens TShirts6.png
Max Men's Polo T-Shirt Slim,349,src/main/resources/data/images/fashion/Mens TShirts7.png
Scott International Men's Regular Fit T-Shirt (Pack of 3),419,src/main/resources/data/images/fashion/Mens TShirts8.png
RodZen Men's Cotton Half Sleeve Regular Fit Striped T-Shirt,449,src/main/resources/data/images/fashion/Mens TShirts9.png
Scott International Men's Cotton Regular Fit Solid Polo Neck T-Shirt,399,src/main/resources/data/images/fashion/Mens TShirts10.png
AELOMART Men's T Shirt,497,src/main/resources/data/images/fashion/Mens TShirts11.png
Van Heusen Men Polo T-Shirt - Ultra Soft - Short Sleeve - Cotton Blend,733,src/main/resources/data/images/fashion/Mens TShirts12.png
Allen Solly Men Polo,629,src/main/resources/data/images/fashion/Mens TShirts13.png
London Hills Printed Men's Round Neck Black T-Shirt,349,src/main/resources/data/images/fashion/Mens TShirts14.png
fanideaz Mens Cotton Half Sleeve Striped Polo T Shirt with Collar,599,src/main/resources/data/images/fashion/Mens TShirts15.png
Alan Jones Clothing Men's Slim Fit Polo T-Shirt,399,src/main/resources/data/images/fashion/Mens TShirts16.png
EYEBOGLER Men's T-Shirt,338,src/main/resources/data/images/fashion/Mens TShirts17.png
AELOMART Men's T Shirt-(Amt250105-P_Green),497,src/main/resources/data/images/fashion/Mens TShirts18.png
EYEBOGLER Men T-Shirt,308,src/main/resources/data/images/fashion/Mens TShirts19.png
Amazon Brand - Symbol Men's Regular Fit Polo Shirt,299,src/main/resources/data/images/fashion/Mens TShirts20.png
Amazon Brand - Symbol Men's Regular Polo Shirt,309,src/main/resources/data/images/fashion/Mens TShirts21.png
NEWPORT Men Men Blue Cotton Heathered Polo Shirt,459,src/main/resources/data/images/fashion/Mens TShirts22.png
AELOMART Men's T Shirt-(Amt250105-P_Green),497,src/main/resources/data/images/fashion/Mens TShirts23.png
London Hills Solid Men's Round Neck Sports T-Shirt,199,src/main/resources/data/images/fashion/Mens TShirts24.png
LEOTUDE Regular Fit Half Sleeve Polo Men's T-Shirt,309,src/main/resources/data/images/fashion/Mens TShirts25.png
Van Heusen Athleisure Men's Regular fit T-Shirt (IHTS1LXD60044_Black S),419,src/main/resources/data/images/fashion/Mens TShirts26.png
AMERICAN CREW Half Sleeves Striped Polo Collar T-Shirt for Men,804,src/main/resources/data/images/fashion/Mens TShirts27.png
Levi's Men T-Shirt,493,src/main/resources/data/images/fashion/Mens TShirts28.png
Allen Solly Men's Regular Fit Polo,719,src/main/resources/data/images/fashion/Mens TShirts29.png
Allen Solly Men's Regular Fit T-Shirt,389,src/main/resources/data/images/fashion/Mens TShirts30.png
Veirdo 100% Cotton Oversize Drop Shoulder Loose Fit Round Neck Graphic Doodle Printed T-Shirt for Men & Boys,429,src/main/resources/data/images/fashion/Mens TShirts31.png
Amazon Brand - Symbol Men's Regular T-Shirt,519,src/main/resources/data/images/fashion/Mens TShirts32.png
Cazibe Regular Men's T-Shirt,379,src/main/resources/data/images/fashion/Mens TShirts33.png
Amazon Brand - Symbol Men's Regular Fit T-Shirt,589,src/main/resources/data/images/fashion/Mens TShirts34.png
Urbano Fashion Men's Printed Full Sleeve Slim Fit Cotton T-Shirt,357,src/main/resources/data/images/fashion/Mens TShirts35.png
London Hills Men's Regular Fit T-Shirt,249,src/main/resources/data/images/fashion/Mens TShirts36.png
Van Heusen Men T-Shirt - Ultra Soft - Crew Neck - Short Sleeve,599,src/main/resources/data/images/fashion/Mens TShirts37.png
Amazon Brand - Symactive Men's Regular T-Shirt,309,src/main/resources/data/images/fashion/Mens TShirts38.png
Jockey Men's Regular Fit V Neck Half Sleeved T-Shirt,493,src/main/resources/data/images/fashion/Mens TShirts39.png
DAMENSCH Better Basics Half Crew Printed T Shirt,395,src/main/resources/data/images/fashion/Mens TShirts40.png
Van Heusen Athleisure Men's Regular fit T-Shirt (IHTS1LXD60044_Black XL),599,src/main/resources/data/images/fashion/Mens TShirts41.png
Adidas Mens M Dyn G T T-Shirt (Hk9160_2Xl - White - 2Xl),838,src/main/resources/data/images/fashion/Mens TShirts42.png
LEOTUDE Regular Fit Half Sleeve Polo T-Shirt for Men,309,src/main/resources/data/images/fashion/Mens TShirts43.png
Levi's Men's Regular Fit T-Shirt,496,src/main/resources/data/images/fashion/Mens TShirts44.png
Allen Solly Men's Regular Fit Polo,619,src/main/resources/data/images/fashion/Mens TShirts45.png
Van Heusen Men Polo T-Shirt - Varsity Inspired - Short Sleeve - Pure Cotton,1199,src/main/resources/data/images/fashion/Mens TShirts46.png
BLIVE Men's Round Neck Full Sleeve T-Shirt | Printed White T-Shirt,239,src/main/resources/data/images/fashion/Mens TShirts47.png
fanideaz Mens Cotton Half Sleeve Striped Round Neck T Shirt,494,src/main/resources/data/images/fashion/Mens TShirts48.png
LEOTUDE Men's Regular Fit Cotton Blend Full Sleeve T-Shirt,279,src/main/resources/data/images/fashion/Mens TShirts49.png
NEWPORT Men Men Blue Cotton Heathered Polo Shirt,459,src/main/resources/data/images/fashion/Mens TShirts50.png
Amazon Brand - Symbol Men's Regular Polo Shirt,329,src/main/resources/data/images/fashion/Mens TShirts51.png
U.S. POLO ASSN. Men's Regular T-Shirt,628,src/main/resources/data/images/fashion/Mens TShirts52.png
U.S. POLO ASSN. Men T-Shirt,540,src/main/resources/data/images/fashion/Mens TShirts53.png
LEOTUDE Regular Fit Cotton Blend Half Sleeve Polo T-Shirt for Men,299,src/main/resources/data/images/fashion/Mens TShirts54.png
U.S. POLO ASSN. Men T-Shirt,1099,src/main/resources/data/images/fashion/Mens TShirts55.png
AMERICAN CREW Polo Collar Cotton Poly Striped T-Shirt for Men,599,src/main/resources/data/images/fashion/Mens TShirts56.png
Amazon Brand - Symbol Men's Regular T-Shirt,489,src/main/resources/data/images/fashion/Mens TShirts57.png
fanideaz Mens Cotton Half Sleeve Striped Polo T Shirt with Collar,599,src/main/resources/data/images/fashion/Mens TShirts58.png
Ideation Men's Cotton Printed Sleeveless T-Shirt,269,src/main/resources/data/images/fashion/Mens TShirts59.png
