AmazonBasics Zero Gravity Reclining Lounge Portable Chair (Beige - Fabric & Steel),3199,src/main/resources/data/images/household/Furniture0.webp
AmazonBasics Steel Zero Gravity Reclining Lounge Portable Chair - Black,3199,src/main/resources/data/images/household/Furniture1.webp
AmazonBasics Zero Gravity Portable Textilene Fabric and Steel Reclining Lounge Chair - Blue,3199,src/main/resources/data/images/household/Furniture2.webp
Wood's Master Presenting Sheesham Wooden Shoe Racks for Home with Door Shoe Cabinets Slipper Racks for Home...,Sadly Not Found,src/main/resources/data/images/household/Furniture3.webp
UHUD CRAFTS Beautiful Antique Wooden Fold-able Side Table/End Table/Plant Stand/Stool Living Room Kids Play Furniture Tabl...,371,src/main/resources/data/images/household/Furniture4.webp
Glancestore Bookcase for Home Furniture |Cabinet Shelves for Bedroom Office Living Room(Black)(Metal -Polyproplyene),899,src/main/resources/data/images/household/Furniture5.webp
Furniture Cafe® Wooden Wall Shelves for Living Room | for Home Decor Items | Floating Book Rack for Study Room - Office - Ki...,499,src/main/resources/data/images/household/Furniture6.webp
CASPIAN Furniture Super White Engineered Wood Single Door Wardrobe/Cupboard with 4 Shelves - 5 Spacious compartments and 2 ...,7500,src/main/resources/data/images/household/Furniture7.webp
Aart Store | 4x6 - Blue Color - 2- Seater | Space Saving Foldable Sofa/Bed with Removable Washable Fabric Cover,5999,src/main/resources/data/images/household/Furniture8.webp
Maulik Aditya's Elegant Kid's Favourite Table Antique Classy Wooden Stool for Living and Bed Room/Kid's Furniture/Out Doo...,299,src/main/resources/data/images/household/Furniture9.webp
Furniture Cafe Wooden Wall Shelves | Corner Hanging Shelf for Living Room Stylish | Zig Zag Home Decor Floating Display Ra...,999,src/main/resources/data/images/household/Furniture10.webp
Furniture Valley Single-Seater Foldable Sofa Cum Bed with Washable Zipper Cover - | 3x6 Feet - Blue |,4799,src/main/resources/data/images/household/Furniture11.webp
NKF CARVE Furniture Wooden Solid Sheesham Wood Sofa Set 5 Seater For Living Room | Termite Free | Wooden Sofa Set Furnitur...,29499,src/main/resources/data/images/household/Furniture12.webp
Amazon Brand - Solimo Alpha Engineered Wood Wardrobe Imperial Teak  - 4 Doors,16499,src/main/resources/data/images/household/Furniture13.webp
Furniture Cafe Wooden TV Cabinet Wall Shelves - Smart LED TV Entertainment Unit Set Top Box Stand | TV Stand Wall Shelf for...,780,src/main/resources/data/images/household/Furniture14.webp
Caspian Furniture Engineered Wood Textured 3 Door Storage Cabinet with Drawer(Brown) | Shoe Rack | Storage Cabinet,7000,src/main/resources/data/images/household/Furniture15.webp
Luxury Furniture Square Foldable Storage Ottoman Coffee Cube Table Multipurpose Foot Rest Short Children Sofa Stool Bench ...,2098,src/main/resources/data/images/household/Furniture16.webp
Decazone Macrame Wall Hanging Shelf Wood Floating Boho Shelves with Wooden Dowel Modern Chic Hand Woven Art Decor for Apar...,299,src/main/resources/data/images/household/Furniture17.webp
@home by Nilkamal Walton Engineered Wood TV Unit with Shelving Storage TV Unit (Walnut),9389,src/main/resources/data/images/household/Furniture18.webp
Ikiriya Ohio Solid Wood 2 Seater Bench Multicolor Wooden Kantha Upholestered Cushioned Couch Furniture for Home Living Roo...,2999,src/main/resources/data/images/household/Furniture19.webp
Wood's Master Presenting Bedside Table with 2 Drawer for Living Room/Home & Office (Modern - Sheesham),Sadly Not Found,src/main/resources/data/images/household/Furniture20.webp
Tooba Furniture Factory® Wooden Armrest Tray Table with Cell Phone Slot for Home & Office (Teak Wood) (1),1499,src/main/resources/data/images/household/Furniture21.webp
PNASGL Kids' Multi-Functional Study Table - Drawer - Extra Large Desktop in Plastic Finish with Adjustable He...,4233,src/main/resources/data/images/household/Furniture22.webp
AmazonBasics Outdoor Patio Folding Chair with Manual Rocking (Beige - Alloy Steel),4899,src/main/resources/data/images/household/Furniture23.webp
Amazon Brand - Solimo Polaris Engineered Wood Oak Finish Queen Bed with Box Storage (Imperial Teak),10999,src/main/resources/data/images/household/Furniture24.webp
Maulik Aditya's Elegant Kid's Favourite 10 inches Table Antique Classy Wooden Stool for Living and Bed Room/Kid's Furnitur...,199,src/main/resources/data/images/household/Furniture25.webp
VK Furniture Sheesham Wood Console Table for Living Room Hall Home | Wooden Furniture Console Table Multipurpose Use 3 She...,Sadly Not Found,src/main/resources/data/images/household/Furniture26.webp
Acco & Deco 5 Tier Wooden Multipurpose Turn-n-Tube Engineered Wood End Table Beside Sofa Side Table Corner Night Stand for...,1457,src/main/resources/data/images/household/Furniture27.webp
Harshita Furnitures 5 Seater Sofa Set for Living Room | 3+1+1 Seater Sofa for Office & Lounge | Five Seater Sofa Sets with...,28799,src/main/resources/data/images/household/Furniture28.webp
DAS Volker Engineered Wood TV Entertainment Unit Stand Set Top Box Stand for Living Room Flowery Wenge Large (Ideal for up...,2699,src/main/resources/data/images/household/Furniture29.webp
Amazon Brand – Solimo Wooden MDF Wall-Mounted Storage Rack with 3 Shelves - Bronze,899,src/main/resources/data/images/household/Furniture30.webp
Furniture Cafe Set top Box Stand | WiFi Router Holder Wooden Wall Shelves | Setup Box Stand for Home | Wall Mount Stylish ...,259,src/main/resources/data/images/household/Furniture31.webp
Nilkamal Freedom Mini Medium (FMM) Plastic Cabinet for Storage| Space & Clothes Organizer| Shelves| Cupboard| Almari| Ward...,4659,src/main/resources/data/images/household/Furniture32.webp
Casaliving Rolando Wood 4 Seater L Shape Sofa for Living Room with 2 Puffy - (Blue Grey) LHS,15999,src/main/resources/data/images/household/Furniture33.webp
Wooden Cave Handicraft Wooden Wall Rack Shelves (White) Set of 4 (Extra Large - Large  - Medium and Small ) for Living Room...,830,src/main/resources/data/images/household/Furniture34.webp
RJ HOME Sofa Cums Bed Furniture (3x6) One Seater for Home & Living Room Geometric (Single Seater) (Foam) (Grey Color),4999,src/main/resources/data/images/household/Furniture35.webp
Furniture Home Wing Chair Arm Chair Cushioned Lounge Chair Single Seater Sofa for Living Room Sofa Fabric - Pink,Sadly Not Found,src/main/resources/data/images/household/Furniture36.webp
Blue Colored Super Spunge Couch_NIZAMI Furniture NZ-FR-14,Sadly Not Found,src/main/resources/data/images/household/Furniture37.webp
Acco & Deco Wall Shelves | Corner Hanging Shelf for Living Room | Zig Zag Home Decor Floating Display Rack Storage Organiz...,799,src/main/resources/data/images/household/Furniture38.webp
Kurtzy Open Book Shelf DIY Book Storage Display Rack - Wooden Multipurpose Book Storage Display Organizer Rack with Solid ...,3899,src/main/resources/data/images/household/Furniture39.webp
Tanwar Handicraft Sheesham Wood Nesting Table Set of 3 Pieces Stool for Living Room,Sadly Not Found,src/main/resources/data/images/household/Furniture40.webp
Bharat Furniture Sofa Set for Living Room and Office 3 Seater,Sadly Not Found,src/main/resources/data/images/household/Furniture41.webp
SMC FURNITURE Stark Nesting Tables with Black and White Marble top in Gold Finish,21550,src/main/resources/data/images/household/Furniture42.webp
CRAFT D ARTS Art Solid sheesham Wood Bookshelf/Display Rack | Natural Finish,2200,src/main/resources/data/images/household/Furniture43.webp
Furnifry Wooden TV Entertainment Unit with 2 Wall Shelf/Wall Set Top Box Shelf Stand/TV Cabinet for Wall/Set Top Box Holde...,1934,src/main/resources/data/images/household/Furniture44.webp
Amazon Brand - Solimo Ross Engineered Wood Entertainment Unit (Walnut),9999,src/main/resources/data/images/household/Furniture45.webp
TUSA LIFESTYLE Faux Leather Bean Bag Chair with Stool and Without Beans Combo Set (XXXL - Navy Blue & Red),999,src/main/resources/data/images/household/Furniture46.webp
Aart Store One - Seater Folding Sofa Cum Bed Furniture | 3x6 Feet | for Home & Living Room - Color Grey,4999,src/main/resources/data/images/household/Furniture47.webp
Amazing Shoppee Farmhouse Accent Coffee Table Simple Modern Bedside Cabinet Small Round Table MDF Top Metal Table Living R...,2799,src/main/resources/data/images/household/Furniture48.webp
Leymo Furniture Officer Stool - Living Room Stool Furniture Medium Size - Solid sheesham Wood,1997,src/main/resources/data/images/household/Furniture49.webp
Craft India 4+1 Outdoor Indoor Patio Furniture Sets Rattan Chair Patio Set Wicker Conversation Set Poolside Lawn Chairs Sw...,15999,src/main/resources/data/images/household/Furniture50.webp
Orgowood Furniture Counter Double Bed with Dressing Table & Wardrobe Bed Side Table Wooden Living Room Furniture Set,Sadly Not Found,src/main/resources/data/images/household/Furniture51.webp
Navya Furniture Solid Sheesham Wood Console Tables with Shelf Storage for Living Room Bedroom Home Office | Wooden Furnitu...,8024,src/main/resources/data/images/household/Furniture52.webp
Boon Steel Furniture Sofa Set for Living Room Furniture (3+1+1 -,Sadly Not Found,src/main/resources/data/images/household/Furniture53.webp
ANGEL FURNITURE Foldable Sheesham Wood Coffee Table (Plain Top - Walnut Finish),6990,src/main/resources/data/images/household/Furniture54.webp
iCare Gifts Home Engineered Wood Furniture for Living Room Accent Sofa Side Table Nightstand,320,src/main/resources/data/images/household/Furniture55.webp
Seeta Arts Brown/Silver Medium Round Wood Coffee Table with Lift to,12000,src/main/resources/data/images/household/Furniture56.webp
AZOM SOLAR Bean Bag & Footstool Filled with Bean Filler (Navy),2049,src/main/resources/data/images/household/Furniture57.webp
Acco & Deco 5 Tier Wooden Multipurpose Turn-n-Tube Engineered Wood End Table Beside Sofa Side Table Corner ...,1457,src/main/resources/data/images/household/Furniture58.webp
TS Tiny Space Furniture Solid Wood Sideboard Cabinets for Living Room | with 3 Drawers & 3 Cabinet Storage...,19999,src/main/resources/data/images/household/Furniture59.webp
