iFFALCON 139 cm (55 inches) 4K Ultra HD Smart Certified Android LED TV 55K72 (Black),28999,src/main/resources/data/images/technology/8k OLED Televisions0.webp
TCL 108 cm (43 inches) Metallic Bezel-Less Series 4K Ultra HD Smart LED Google TV 43P635 (Black),29990,src/main/resources/data/images/technology/8k OLED Televisions1.webp
Samsung 214 cm (85 inches) 8K Ultra HD Smart Neo QLED TV QA85QN900AKXXL (Steel),1147491,src/main/resources/data/images/technology/8k OLED Televisions2.webp
Samsung 163 cm (65 inches) 8K Ultra HD Smart Neo QLED TV QA65QN85BAKLXL (Bright Silver),190990,src/main/resources/data/images/technology/8k OLED Televisions3.webp
LG C2 106 cm (42 Inches) Evo Gallery Edition 4K Ultra HD Smart OLED TV OLED42C2PSA (Black) (2022 Model) | With Self Lit OL...,105990,src/main/resources/data/images/technology/8k OLED Televisions4.webp
LG 164 cm (65 inches) 4K Ultra HD Smart OLED TV 65B1PTZ (Dark Iron Gray) (OLED65B1PTZ),180000,src/main/resources/data/images/technology/8k OLED Televisions5.webp
LG B2 139 cm (55 Inches) 4K Ultra HD Smart OLED TV OLED55B2PSA (Black) (2022 Model),Sadly Not Found,src/main/resources/data/images/technology/8k OLED Televisions6.webp
LG 139 cm (55 Inches) 4K Ultra HD Smart OLED TV OLED55C2PSC (Black) (2022 Model),139990,src/main/resources/data/images/technology/8k OLED Televisions7.webp
Karbonn 80 cm (32 Inches) Millennium Series HD Ready Smart LED TV KJW32SKHD (Phantom Black) with Bezel-Less Design,8990,src/main/resources/data/images/technology/8k OLED Televisions8.webp
OnePlus 80 cm (32 inches) Y Series HD Ready Smart Android LED TV 32 Y1S (Black),14999,src/main/resources/data/images/technology/8k OLED Televisions9.webp
Karbonn 80 cm (32 Inches) Millennium Series HD Ready Smart LED TV KJW32SKHD (Phantom Black) with Bezel-Less...,8990,src/main/resources/data/images/technology/8k OLED Televisions10.webp
Foxsky 165 cm (65 inches) 4K Ultra HD Smart LED TV 65FS-VS (Black),49999,src/main/resources/data/images/technology/8k OLED Televisions11.webp
LG 139 cm (55 Inches) EVO Gallery Edition 4K Ultra HD Smart OLED TV OLED55G2PSA (Black) (2022 Model),164990,src/main/resources/data/images/technology/8k OLED Televisions12.webp
Samsung 163 cm (65 inches) 4K Ultra HD Smart QLED TV QA65QN85AAKLXL (Silver),174990,src/main/resources/data/images/technology/8k OLED Televisions13.webp
Sony Bravia 139 cm (55 inches) 4K Ultra HD Smart LED Google TV S_KD-55X80K_1 (Black),79700,src/main/resources/data/images/technology/8k OLED Televisions14.webp
Samsung 125 cm (50 inches) 4K Ultra HD Smart NEO QLED TV QA50QN90BAKLXL (Titan Black),96640,src/main/resources/data/images/technology/8k OLED Televisions15.webp
Vu 189 cm (75 inches) The Masterpiece Glo Series 4K Ultra HD Smart Android QLED TV 75QMP (Armani Gold) (2022 Model) | Buil...,149990,src/main/resources/data/images/technology/8k OLED Televisions16.webp
LG 139 cm (55 inches) 4K Ultra HD Smart OLED TV 55C1PTZ (Dark Steel Silver) (OLED55C1PTZ),139590,src/main/resources/data/images/technology/8k OLED Televisions17.webp
Samsung 138 cm (55 inches) 4K Ultra HD Smart NEO QLED TV QA55QN85BAKLXL (Bright Silver),119650,src/main/resources/data/images/technology/8k OLED Televisions18.webp
LG C2 164 cm (65 Inches) Evo Gallery Edition 4K Ultra HD Smart LED TV OLED65C2PSC (Black) (2022 Model) | With Eye Comfort ...,206990,src/main/resources/data/images/technology/8k OLED Televisions19.webp
