"aws","asdfasdf","2"
"b","asdfasdf","0"
"L","afadfasdfe","3"
"asdrwe","asdferew","0"
"erqewr","asdfwerefcv","2"
"ijoijklmjn","pooiijjuuh","8"
"krishnaraj","passwordd","14"
"eferadfee","arefsrertre","12"
"asdreerter","dddddddddddd","0"
"sdfjierhauur","qwerqwrqwerqwr","10"
"username","passwordd","4"
"daksh","reachedpunekpt","32"
"parth","asdfiwervhdr","0"
"iugiugi","jyguytuiugf","0"
"arjuna","something","48"
"saubhagya","sadfijesdfier","13"
"gyan122","pass1234","11"
"somethings","fiefjiejre","5"
"somethingsher","12345678dsdfhewr","9"
"asdf","asdfasdfe","0"
