AMERICAN CREW Men's Polo Collar Half Sleeve T-Shirt,664,src/main/resources/data/images/fashion/Mens TShirts0.png
Amazon Brand - Symbol Men's Regular Fit Polo Shirt,359,src/main/resources/data/images/fashion/Mens TShirts1.png
AMERICAN CREW Polo Collar Cotton Poly Striped T-Shirt for Men,664,src/main/resources/data/images/fashion/Mens TShirts2.png
AMERICAN CREW Men's Polo Striped T-Shirt,664,src/main/resources/data/images/fashion/Mens TShirts3.png
Scott International Men's Cotton Regular Fit Solid Polo Neck T-Shirt,339,src/main/resources/data/images/fashion/Mens TShirts4.png
Allen Solly Men Polo,888,src/main/resources/data/images/fashion/Mens TShirts5.png
Alan Jones Clothing Double Collar Men's Round Neck T-Shirt,399,src/main/resources/data/images/fashion/Mens TShirts6.png
EYEBOGLER Men T-Shirt,308,src/main/resources/data/images/fashion/Mens TShirts7.png
London Hills Printed Men's Round Neck Black T-Shirt,299,src/main/resources/data/images/fashion/Mens TShirts8.png
Max Men's Polo T-Shirt Slim,399,src/main/resources/data/images/fashion/Mens TShirts9.png
