UK Furniture Solid Sheesham Wood Single Seater Sofa Senate Fabric for Living Room(Finish Color - Dark Walnu...,7999,src/main/resources/data/images/household/Furniture1.png
Amazon Brand - Solimo Zates 3 Seater Sofa (Fabric - Blue),17499,src/main/resources/data/images/household/Furniture2.png
UHUD CRAFTS Beautiful Antique Wooden Fold-able Side Table/End Table/Plant Stand/Stool Living Room Kids Play Furniture Tabl...,371,src/main/resources/data/images/household/Furniture4.png
Aart Store | 4x6 - Blue Color - 2- Seater | Space Saving Foldable Sofa/Bed with Removable Washable Fabric Cover,5999,src/main/resources/data/images/household/Furniture5.png
Maulik Aditya's Elegant Kid's Favourite Table Antique Classy Wooden Stool for Living and Bed Room/Kid's Furniture/Out Doo...,299,src/main/resources/data/images/household/Furniture6.png
CASPIAN Furniture Super White Engineered Wood Single Door Wardrobe/Cupboard with 4 Shelves - 5 Spacious compartments and 2 ...,7500,src/main/resources/data/images/household/Furniture7.png
Tree House Nesting Triangle End Coffee Tables Nightstand Modern Furniture for Home Office Living Room Nest White Table,1599,src/main/resources/data/images/household/Furniture8.png
WHF Beautiful Antique Wooden Side Table/End Table/Plant Stand/Stool Living Room. Kids Play Furniture Table Round Shape Siz...,1199,src/main/resources/data/images/household/Furniture9.png
Furniture Cafe Wooden TV Cabinet Wall Shelves - Smart LED TV Entertainment Unit Set Top Box Stand | TV Stand Wall Shelf for...,780,src/main/resources/data/images/household/Furniture10.png
Inception Global myWoodKart Round Small Wooden Stool for Cafe Outdoor Furniture Picnic Garden Living Room Bedroom Kitchen ...,999,src/main/resources/data/images/household/Furniture11.png
Woodopia Beautiful Antique Wooden Stool with Brass Cutting Design Storage for Living Room and Bedroom Furniture (Brown - 12...,920,src/main/resources/data/images/household/Furniture12.png
Caspian Furniture Engineered Wood Textured 3 Door Storage Cabinet with Drawer(Brown) | Shoe Rack | Storage Cabinet,7000,src/main/resources/data/images/household/Furniture13.png
Acco & Deco Wooden TV Cabinet Wall Shelves - Smart LED TV Entertainment Unit Set Top Box Stand | TV Stand Wall Shelf for Li...,799,src/main/resources/data/images/household/Furniture14.png
Danish Art Window Beautiful Antique Wooden Stool with Storage for Living and Bedroom Furniture (Brown - 12 Inch),978,src/main/resources/data/images/household/Furniture15.png
UHUD CRAFTSBeautiful Antique Wooden Foldable Side Table/End Table/Stool Living Room Kids Play Furniture Table Square Shape,371,src/main/resources/data/images/household/Furniture16.png
Decazone Macrame Wall Hanging Shelf Wood Floating Boho Shelves with Wooden Dowel Modern Chic Hand Woven Art Decor for Apar...,284,src/main/resources/data/images/household/Furniture17.png
Nobel HUT Sheesham Wooden Table End Coffee Table for Living Room,670,src/main/resources/data/images/household/Furniture18.png
@home by Nilkamal Walton Engineered Wood TV Unit with Shelving Storage TV Unit (Walnut),10500,src/main/resources/data/images/household/Furniture19.png
Rustic Wood Wall Mounted Display Cabinet,2550,src/main/resources/data/images/household/Furniture20.png
Craftenia Wooden Super-Glossy Foldable Three Legged Bedside Living Room Office Side Table (White),799,src/main/resources/data/images/household/Furniture21.png
Brown Art Shoppee Bookshelf 4 Tier Modern Bookcase with Legs -Bookshelves Wood Storage Shelf - Open Book Shel...,3599,src/main/resources/data/images/household/Furniture22.png
Amazon Brand - Solimo Ardea Fabric 6 Seater RHS L Shape Sofa (Blue),29999,src/main/resources/data/images/household/Furniture23.png
Casaliving Rolando Wood 4 Seater L Shape Sofa for Living Room with 2 Puffy - (Blue Grey) LHS,16499,src/main/resources/data/images/household/Furniture24.png
Furniture Kart wrought iron Single Seater Swing Chair with Stand - Cushion ( Large  - Black ),10999,src/main/resources/data/images/household/Furniture25.png
Acco & Deco 5 Tier Wooden Multipurpose Turn-n-Tube Engineered Wood End Table Beside Sofa Side Table Corner Night Stand for...,1650,src/main/resources/data/images/household/Furniture26.png
BRIGHTFUTURE Setup Box Unite Tv Stand Setup Box & Wi Fi Router Stand & Router Stand /Modern Furniture/ Modern Home Decorat...,599,src/main/resources/data/images/household/Furniture27.png
DAS Volker Engineered Wood TV Entertainment Unit Stand Set Top Box Stand for Living Room Flowery Wenge Large (Ideal for up...,2999,src/main/resources/data/images/household/Furniture28.png
IRA Furniture Bench Pad Flair Comfortable Cushion 150x50cm Anthracite Swing or 2 Seater Garden Bench Cushion,762,src/main/resources/data/images/household/Furniture29.png
IMPEX Mini Sixer Trolley Wheel Caster - Heavy Duty 400Kg Load Capacity Fix 6 Castor Wheel for Shopping Trolley - Furniture ...,299,src/main/resources/data/images/household/Furniture30.png
GUNEE Cane Bar Stool Mudda for Indoor/Outdoor Furnishings - 2 PC(Multicolor),1222,src/main/resources/data/images/household/Furniture31.png
Wooden Cave Handicraft Wooden Wall Rack Shelves (White) Set of 4 (Extra Large - Large  - Medium and Small ) for Living Room...,830,src/main/resources/data/images/household/Furniture32.png
Anikaa Revolt Engineered Wood Wall Mount TV Unit/TV Stand/Wall Set Top Box Stand/TV Cabinet/TV Entertainment Unit (Wenge)(...,2513,src/main/resources/data/images/household/Furniture33.png
Fabulo Wooden Handmade Foldable Coffee Table Stool for Home Garden Outdoor Living Room,699,src/main/resources/data/images/household/Furniture34.png
Captiver Henry Wooden Books and Showpieces Rack 5 Shelf in Wenge Color Bookshelf Bookshelves Bookends Library Unit,3324,src/main/resources/data/images/household/Furniture35.png
NexStar Wheels for Furniture/6-Wheels Mini Small Moving Castor Wheel Black 4 Pieces in 1 Box 150kg Load Capicity (Yellow),199,src/main/resources/data/images/household/Furniture36.png
TreeWud Premium Wooden Folding Side Table | Coffee Table 12INCH,388,src/main/resources/data/images/household/Furniture37.png
Nitya Enterprises ! Mudda muddi | Chair | Garden Handicraft Cane Wood Or Damroo in Black Color-(Multicolor) 15 * 15"",637,src/main/resources/data/images/household/Furniture38.png
Raytrees Engineered Wooden Set of Two Butterfly Wall Shelf/Stand (33 cm X 12 cm X 25 cm - Brown,1049,src/main/resources/data/images/household/Furniture39.png
Priti - Golden Classic Indiana Bowed Round Coffee Table - Wood Finish - Gold - White,3299,src/main/resources/data/images/household/Furniture40.png
Craft India 4+1 Outdoor Indoor Patio Furniture Sets Rattan Chair Patio Set Wicker Conversation Set Poolside Lawn Chairs Sw...,15999,src/main/resources/data/images/household/Furniture41.png
aaRF Home Decor Wooden Stool Set/Garden Decor/Decorative Fold-able Stool Wooden Beautiful Handmade Stool | Table | for Off...,599,src/main/resources/data/images/household/Furniture42.png
ALMAND Living Foldable Storage Bins Box Ottoman Bench Container Organizer with Cushion Seat Lid - Cube -Multi Colour(30X30X3...,699,src/main/resources/data/images/household/Furniture44.png
Genuine Decor Wooden Coffee Table - Simple Industrial Rustic Center Table - Minimalist Rectangle Wooden Farmhouse Cocktail T...,8999,src/main/resources/data/images/household/Furniture45.png
Polymer 4 x Fix Six Niylon Wheel Caster for Furniture Table Trolley / 300Kg Load Capicity,330,src/main/resources/data/images/household/Furniture46.png
Decazone Macrame Handmade Wall Shelf Cotton Cord Pine Wooden Hanging Floating Shelves Boho Rustic Decor 1 Tier for Bedroom...,566,src/main/resources/data/images/household/Furniture47.png
Cane Crafts Medium Size Designer Bamboo Wooden Cane (Rattan - Bait) Chair for Lawn Chair - Arm Chair - Room Chair - Indoor Out...,2499,src/main/resources/data/images/household/Furniture48.png
Vintage Furniture 4 Plastic Chairs 1 Set of Centre Table Combo for Home - Garden & Living Room Home & kitchin (Brown),5498,src/main/resources/data/images/household/Furniture49.png
Avika Wooden 4 Tier Shelves Rack || Shoes & Slippers Rack | Books & Newspapers Shelves | Gardening Planter Stand | Closet ...,1250,src/main/resources/data/images/household/Furniture50.png
Odestar Dax Engineered Wood TV Entertainment Unit Walnut & White (Ideal for Upto 32""),1599,src/main/resources/data/images/household/Furniture51.png
FURNITURE FIRST BONNLO Kids Height Adjustable Study Table ! Tiltable Desk ! Ergonomic ! Imported ! Anti-Reflective ! LED L...,11990,src/main/resources/data/images/household/Furniture52.png
SMC FURNITURE Stark Nesting Tables with Black and White Marble top in Gold Finish,21550,src/main/resources/data/images/household/Furniture53.png
CASADECOR White Marble Garden Table with Metal Legs for Balcony - Living Room - Hallway Space Decor and Outdoor Furniture. H...,1299,src/main/resources/data/images/household/Furniture54.png
Amazon Brand - Solimo Dantre Sheesham Wood Book Shelf - 5 Shelves (Honey Finish),21599,src/main/resources/data/images/household/Furniture56.png
Amazon Brand - Solimo Duyce 3 Seater Sofa (Fabric - Blue),18999,src/main/resources/data/images/household/Furniture57.png
Amazon Brand - Solimo Coppell Solid Sheesham Wood Book Shelf with 3 Shelves - 1 Drawer - Honey Finish,14999,src/main/resources/data/images/household/Furniture58.png
Shagun Arts Wooden Bedside Table for Bedroom | Solid Pure Wood Bed Side Nightstand End Table with 3 Drawers...,11999,src/main/resources/data/images/household/Furniture59.png
