Fraganote- Rose Oud Luxury Scented Soy Candles for Gift and Home Decor in A Black Matte Jar and Two Cotton ...,599,src/main/resources/data/images/miscellaneous/Gifts0.png
Fraganote- Nutty Cocoa Luxury Scented Soy Candles for Gift and Home Decor in a Black Matte Jar and Two Cott...,599,src/main/resources/data/images/miscellaneous/Gifts1.png
Fraganote- Apple Cinnamon Luxury Scented Soy Candles for Gift and Home Decor in a Black Matte Jar and Two C...,599,src/main/resources/data/images/miscellaneous/Gifts2.png
IRIS Reed Diffuser Fragrance Gift Set -French Lavender (INFG0314FL),546,src/main/resources/data/images/miscellaneous/Gifts3.png
Paperkraft Expressions Gift Pack (Roller Ball Pen + Ball Pen)|Premium Metal Body Pens|Classic & Elegant Matte Blue Finish|...,392,src/main/resources/data/images/miscellaneous/Gifts4.png
3D Moon Lamp 7 Colour Changeable Sensor Moon Night Light Lamp - Touch Control - Moonlight Lamp with Stand & USB for Bedrooms...,616,src/main/resources/data/images/miscellaneous/Gifts5.png
Collectible India Ganesh Idol on Leaf - Lord Ganesha with Diya - Metal Hand Craved for Home Decorative Gift Puja Gifts Cor...,274,src/main/resources/data/images/miscellaneous/Gifts6.png
International Gift German Silver Brass Solid Round Bowl Set With Tray And Spoon With Blue Velvet Box Used for Dry Fruit - S...,447,src/main/resources/data/images/miscellaneous/Gifts7.png
Giftplease Customized Photo and song Spotify Plaque With Steel Removable Stand | Personalized Printed Frame with scannable...,299,src/main/resources/data/images/miscellaneous/Gifts8.png
Valentine Gift By Shining Diva Italian Designer Non Precious Metal Jewellery Set for Women (Blue) (rrsdcmb208),320,src/main/resources/data/images/miscellaneous/Gifts9.png
eCraftIndia Golden Handcrafted Palm Buddha Polyresin Showpiece (12.5 cm x 7.5 cm x 17.5 cm - Black),229,src/main/resources/data/images/miscellaneous/Gifts10.png
StarLaser 20 Reasons Why I Need You Message Box Gift For Anniversary Birthday And Loveable Person(Engineered Wood - Brown),218,src/main/resources/data/images/miscellaneous/Gifts11.png
Diwali Diya Gift Metal Ganesha Idol Diya for Pooja on Leaf | Diwali Gift Items for Home Decorative Puja Gift Items - Ganesh...,259,src/main/resources/data/images/miscellaneous/Gifts12.png
Interlife Gift Studio White Metal Bowl Set - 2 Pieces,115,src/main/resources/data/images/miscellaneous/Gifts13.png
Collectible India Laxmi Ganesh Saraswati Idol Diya Oil Lamp Deepak - Metal Lakshmi Ganesha Showpiece Statue - Traditional ...,499,src/main/resources/data/images/miscellaneous/Gifts14.png
Parker Vector Camouflage Gift Set - Roller Ball Pen & Parker Logo Keychain (Black Body - Blue Ink) - 2 Piece Set,450,src/main/resources/data/images/miscellaneous/Gifts15.png
Parker Vector Gift Set - Parker Roller Ball Pen with Parker logo Round Key Chain (Ink - Blue),398,src/main/resources/data/images/miscellaneous/Gifts16.png
Crafts King Silver Plated Bowl Set with Awesome Gifts Box -Capsul 5 Pieces Set,249,src/main/resources/data/images/miscellaneous/Gifts17.png
YouBella Pocket Watch Pendant with Chain for Husband Unique Memorable Gift Dual Purpose Stainless Steel Clock for Men (YBW...,399,src/main/resources/data/images/miscellaneous/Gifts18.png
MR and MRS Table Photo Frame for Couple Gifts - Brown Valentine -Synthetic Wood Table Photo Frame by Art Street,249,src/main/resources/data/images/miscellaneous/Gifts19.png
Bella Vita Organic Aroma Candles Soy Wax 4 X 60g each - Vanilla - Cinnamon - Lavender & Rose - Upto 15 hours - b...,324,src/main/resources/data/images/miscellaneous/Gifts20.png
Xergy 10 cm 3D Rechargeable Moon Lamp with Touch Control Adjust Brightness Moon Light with Wooden Stand 3D ...,899,src/main/resources/data/images/miscellaneous/Gifts21.png
IRIS Ceramic Fragrant Gift Pack (Brown),525,src/main/resources/data/images/miscellaneous/Gifts22.png
FABUNIK led Lights for Home Decoration 16 RGB Color-Changing Desk Lamp - Rose Touch Crystal - Dimmable LED Ni...,699,src/main/resources/data/images/miscellaneous/Gifts23.png
Collectible India Diya for Puja Home Decoration Item Gift - Lotus Brass Diyas Oil Lamp Pooja - Diwali Gifts (Set of 2),599,src/main/resources/data/images/miscellaneous/Gifts24.png
eCraftIndia Metal Lord Ganesha in Red Dhoti on Green Leaf Wall Hanging (AGG512_GN) - Multicolour,295,src/main/resources/data/images/miscellaneous/Gifts25.png
Bombay Shaving Co Bath & Skin Glow Kit | Diwali Gift Kit | Charcoal Face wash - Peel Off Mask - Face Pack - Sheet mask - Exfol...,777,src/main/resources/data/images/miscellaneous/Gifts26.png
R Ayurveda Copper Metal Floral Bowl Set 5 Pieces set in ( Red velvet imitation jewelry box with gift ribbon),199,src/main/resources/data/images/miscellaneous/Gifts27.png
SparkleBox Tie & Dye Art Kit (Skin Friendly) |Gift for Kids 9 -10 -11 -12 Years and Above. | 5 in 1 Projects - White Tshirt -4 ...,649,src/main/resources/data/images/miscellaneous/Gifts28.png
DECOR Airplane Showpiece Metal Pen Stand for Office Table - Pencil Holder - Single Compartment Desk Organizers with Happy Sm...,549,src/main/resources/data/images/miscellaneous/Gifts29.png
Chocozone Couple Hug Resin Showpiece Couple Miniatures Romantic Gifts for Girlfriend (Hug Couple),245,src/main/resources/data/images/miscellaneous/Gifts30.png
The Moms Co. All-Natural Complete Care Pregnancy Gift Box - 4-Piece Pregnancy Gift Set - Including Australian Certified Toxi...,844,src/main/resources/data/images/miscellaneous/Gifts31.png
ADR Plastic NL Traders 3D Illusion LED Light Night Lights for 7 Colors Led Changing Lighting Bedroom Decoration Decorative...,145,src/main/resources/data/images/miscellaneous/Gifts32.png
Indianara 3 Pc Set of Radha Krishna Paintings Without Glass 5.2 X 12.5 - 9.5 X 12.5 - 5.2 X 12.5 Inch,399,src/main/resources/data/images/miscellaneous/Gifts33.png
ShopyVid Girls 3-PCS Mini Leather Backpack Sling & Pouch Set for Women’s/Rakhi gift for Sister,499,src/main/resources/data/images/miscellaneous/Gifts34.png
Wembley Toys LCD Writing Pad Tablet Birthday Gift for Boys and Girls 8.5 Inch Digital Slate for Kids Learning Educational ...,235,src/main/resources/data/images/miscellaneous/Gifts35.png
Aousome Personalized Gift Custom Photo Quote Name Wish Ceramic Mug for Birthday Gift  - Anniversary Gift Etc - 325 ml (Magi...,299,src/main/resources/data/images/miscellaneous/Gifts36.png
LEMISH Phone Docking Station Hooks Key Holder Wallet Stand Watch Organizer Plywood Personalized for Men Customized tech Me...,497,src/main/resources/data/images/miscellaneous/Gifts37.png
Auihiay 200g Easter Basket Grass Shredded Tissue Paper Grass for Easter Decoration Hamper Filling and Gift Packaging(Yello...,102,src/main/resources/data/images/miscellaneous/Gifts38.png
Parker Jotter Standard Chrome Trim Ball Pen (Black) + Parker Notebook (Grey) Gift Set (9000031508),694,src/main/resources/data/images/miscellaneous/Gifts39.png
INDIANARA 3 PC Set of Ganesha Paintings (1088) Without Glass 5.2 X 12.5 - 9.5 X 12.5 - 5.2 X 12.5 inch,314,src/main/resources/data/images/miscellaneous/Gifts40.png
Shining Diva Fashion AAA Crystal 18k Rose Gold Stylish Jewellery for Women and Girls,210,src/main/resources/data/images/miscellaneous/Gifts41.png
12 Pack Pop It Pop Its Rainbow Pop Fidget Toys Poppet Push Pop Bubble Fidget Popping Sensory Toy for Kids and Adults - Fidg...,474,src/main/resources/data/images/miscellaneous/Gifts42.png
Urban Forest Marty Grey Leather Wallet + Pen + Keyring Combo Gift Set for Men,499,src/main/resources/data/images/miscellaneous/Gifts43.png
Mahi Rose Gold Plated Dual Heart Pendant with chain for Mom with White Crystal Stones PS1101698Z,200,src/main/resources/data/images/miscellaneous/Gifts44.png
Odzeni Crystal Rose Diamond 16 Color Rgb Changing Mode Led Night Lights - Usb Remote And Touch Control Desk Lamp For Bedro...,999,src/main/resources/data/images/miscellaneous/Gifts45.png
TIED RIBBONS Pack of 6 Mosaic Glass Votive Tealight Candle Holders - Diwali Decoration Items for Home Living Room Bedroom ...,799,src/main/resources/data/images/miscellaneous/Gifts46.png
6 Pack Pop It Keychain Pop Its Rainbow Pop Fidget Toys Poppet Push Pop Bubble Fidget Popping Sensory Toy for Kids and Adul...,299,src/main/resources/data/images/miscellaneous/Gifts47.png
Interlife Gift Studio Metal Floral Dessert Bowl - 0.10L - 2 Piece - Silver,105,src/main/resources/data/images/miscellaneous/Gifts49.png
Quace Planter Pot Baby Tree Flowerpot Pen Container Toy Gift - Patience Design - 1 Unit,275,src/main/resources/data/images/miscellaneous/Gifts50.png
TC The Customizers Wooden Square Shadow Box with Electric Night Lamp - Best Customized or Personalized Gifts | Birthday Gif...,380,src/main/resources/data/images/miscellaneous/Gifts51.png
ITOS365 Jewellery Box for Women Wooden Flip Flap Flower Carved Design Handmade Gift - 8 inches,499,src/main/resources/data/images/miscellaneous/Gifts52.png
Shaivya Acrylic Customized Photo Printed Musical Plaque - Personalized Spotify Plaque With Scannable Code And Your Photo - C...,299,src/main/resources/data/images/miscellaneous/Gifts53.png
Chhariya Crafts Metal Lord Ganesha Reading Ramayana Statue Ganpati Sitting on Chair with Kuber Diya Idol for Home Office a...,440,src/main/resources/data/images/miscellaneous/Gifts54.png
HERSHEY'S Kisses Moments Chocolate Gift Pack - 193.5,382,src/main/resources/data/images/miscellaneous/Gifts55.png
The Bombay Craft House Metal Wall Art - Multicolour - Hanging For Home Decor And Gifts - 19 x 14 x 1.5 inch - 1...,1199,src/main/resources/data/images/miscellaneous/Gifts56.png
Room Decoration Brass Sand Timer with Wood Compass Base Revolving Timer |Height 5 Inches 1 Minutes| Nautica...,599,src/main/resources/data/images/miscellaneous/Gifts57.png
Arcanine 3D Dynamic Moving Sand Frame Round Frame with Flowing Timer for Home Office Decorations and Gifts,1999,src/main/resources/data/images/miscellaneous/Gifts58.png
Gift Hamper 1,550,src/main/resources/data/images/miscellaneous/Gifts59.png
Swiss Military VC03 Wireless Car Vacuum Cleaner | Wireless Vacuum Cleaner for Home - Car - Living Room | Wireless Vacuum Cle...,1589,src/main/resources/data/images/miscellaneous/Car Appliances0.png
PR Star Vacuum Cleaner Dust Collection/Lighting 2 in 1 Car Vacuum Cleaner 120W High-Power Handheld Wireless Vacuum Cleaner...,799,src/main/resources/data/images/miscellaneous/Car Appliances1.png
CARIZO Car Electric Kettle - 12V 450ml Electric Water Kettle - Stainless Steel Heating Kettle Mug Cup Electric Travel Thermo...,699,src/main/resources/data/images/miscellaneous/Car Appliances2.png
Gala - 153070 Multipurpose Microfiber Duster for Home and Car Use (Blue),150,src/main/resources/data/images/miscellaneous/Car Appliances3.png
MileStore Handheld Cordless Car Vacuum Cleaner 120W Portable Small Wireless Vacuum Cleaner - 9000PA Strong Suction Power - W...,899,src/main/resources/data/images/miscellaneous/Car Appliances4.png
Tropicool PortaChill Black 5 L Car Refrigerator Chiller Cum Warmer (Black),4300,src/main/resources/data/images/miscellaneous/Car Appliances5.png
GOODAIR Royal Car Air Purifier | Non-electric | Super Black,2399,src/main/resources/data/images/miscellaneous/Car Appliances6.png
Autofy DUSTO 1 Year Warranty Wet & Dry Car Vacuum Cleaner with Copper Coil Motor (Metal Fan – 4.5m Long Wire),949,src/main/resources/data/images/miscellaneous/Car Appliances7.png
2 in 1 Portable Wireless Wet and Dry High Power Vacuum Cleaner (Black),699,src/main/resources/data/images/miscellaneous/Car Appliances8.png
Reffair AX70 Smart Car Air Purifier with PM 2.5 LED Display (Japanese Sensor) | True HEPA Filter (Dim Grey),5999,src/main/resources/data/images/miscellaneous/Car Appliances9.png
Scotch-Brite Microfiber Cloth/Wipe for Home - Kitchen - Appliance - Car cleaning pack of 4 pcs (40 cm x 40 cm - 340 GSM)  -Mult...,550,src/main/resources/data/images/miscellaneous/Car Appliances10.png
SHREE HANS CREATION Bulb Humidifier Automatic Spray Sanitizer Air Freshener With Seven Color Led - 400ml Colorful USB LED N...,399,src/main/resources/data/images/miscellaneous/Car Appliances11.png
Eureka Forbes Car Vac Vacuum Cleaner with 100 Watts Powerful Suction with Washable HEPA Filter - Comes with Multiple Access...,1999,src/main/resources/data/images/miscellaneous/Car Appliances12.png
Wosta 12V Car Charging Electric Kettle Stainless Steel Travel Coffee Mug Cup Heated Thermos (Silver/Black-1pc),649,src/main/resources/data/images/miscellaneous/Car Appliances13.png
DK HOME APPLIANCES Car Perfume with Essential Oils and Wooden Diffuser for Rear View Mirror Hanging 10 ML Color and Design...,199,src/main/resources/data/images/miscellaneous/Car Appliances14.png
Gadgets Appliances S5 Smart Sensor Car Wireless Charger Mount Fast Wireless Charging 360degre Air Vent Car Phone Holder -S...,899,src/main/resources/data/images/miscellaneous/Car Appliances15.png
Foldable Microfiber Flexible Fan Cleaning Duster for Quick and Easy Cleaning of Multi-Purpose Cleaning of H...,249,src/main/resources/data/images/miscellaneous/Car Appliances16.png
Stolenband® Foldable Microfiber Fan Cleaning Duster Steel Body Flexible Fan mop for Quick and Easy Cleaning...,279,src/main/resources/data/images/miscellaneous/Car Appliances17.png
REWOP Flexible Fan Cleaning Duster for Multi-Purpose Cleaning of Home - Kitchen - Car - Office with Long Rod (...,489,src/main/resources/data/images/miscellaneous/Car Appliances18.png
Zovent Flexible Fan Cleaning Duster for Multi-Purpose Cleaning of Home - Kitchen - Car - Office with Long Rod,299,src/main/resources/data/images/miscellaneous/Car Appliances19.png
KRIYAL SALES Car Charging Electric Kettle Stainless Steel Travel Coffee,441,src/main/resources/data/images/miscellaneous/Car Appliances20.png
Gadgets Appliances Sports Mount car Mobile Stand - Holder - cardel - Heavy Base - RED -Set of 1,399,src/main/resources/data/images/miscellaneous/Car Appliances21.png
SOFTSPUN Microfiber Cleaning Cloths - 4pcs 40x40cms 340GSM Multi-Colour! Highly Absorbent - Lint and Streak Free - Multi -Pur...,247,src/main/resources/data/images/miscellaneous/Car Appliances22.png
Pigeon by Stovekraft Quartz Electric Kettle (14299) 1.7 Litre with Stainless Steel Body - used for boiling Water - making te...,776,src/main/resources/data/images/miscellaneous/Car Appliances23.png
Inalsa Vacuum Cleaner Gusto Pro-1200W with Powerful Blower Function and 1.5L Reusable Cloth Dust Bag - Powerful 16KPA Sucti...,2638,src/main/resources/data/images/miscellaneous/Car Appliances24.png
Ubersweet® Imported Vehicle Heated Water Cup Electric Kettle Heat Preservation 12.0V Car 24V Truck Household Vehicle Water...,7207,src/main/resources/data/images/miscellaneous/Car Appliances25.png
Pigeon by Stovekraft Cruise 1800 watt Induction Cooktop (Black),1645,src/main/resources/data/images/miscellaneous/Car Appliances26.png
Concept Kart Urvns C48Q 180W Charger - 2 Cigarette Lighter Splitter - Pd 3.0 & Qc 3.0 - Dual Usb Ports - 15A Fuse - For Tablet...,1749,src/main/resources/data/images/miscellaneous/Car Appliances27.png
AGARO CV1077 Car Vacuum Cleaner - Portable - Handheld -12V DC /106W - 4.5KPA Power Socket - 14.7ft Long Cord -Stainless Steel Fi...,1396,src/main/resources/data/images/miscellaneous/Car Appliances28.png
SOFTSPUN Microfiber Cleaning Cloths - 10 pcs 30x35ms 280GSM Multi-Color Highly Absorbent - Lint and Streak Free - Multi - Pur...,319,src/main/resources/data/images/miscellaneous/Car Appliances29.png
BLACKSTAR [ ORIGINAL ] Mobile Holder for Car Dashboard - Car Mount - Magnetic Mobile Holder for Car ( World's Strongest an...,649,src/main/resources/data/images/miscellaneous/Car Appliances30.png
Karcher K2 Compact *EU 110 bar High Pressure Washer |Flow rate - 360 l/h|4 m Hose Pipe for cleaning Homes - Cars - bikes - Ga...,5999,src/main/resources/data/images/miscellaneous/Car Appliances31.png
3M Small Car Care Kit | Car Shampoo | Tyre Dresser | Dashboard Dresser | Liquid Wax | Microfiber Cloth ( All in One ),1121,src/main/resources/data/images/miscellaneous/Car Appliances32.png
Yantralay school of gadgets Universal 360° Rotating Car Back Seat Headrest Tablet & Smartphone Mount for iPad/Samsung Tab...,649,src/main/resources/data/images/miscellaneous/Car Appliances33.png
Amazon Brand - Solimo Car Vacuum Cleaner with 5KPA Suction Power - Stainless Steel HEPA Certified Filter (Black),1399,src/main/resources/data/images/miscellaneous/Car Appliances34.png
Amazon Brand - Solimo 2000/1000 Watts Room Heater with Adjustable Thermostat (ISI certified - White colour - Ideal for small...,1299,src/main/resources/data/images/miscellaneous/Car Appliances35.png
Eureka Forbes Quick Clean DX Vacuum Cleaner with 1200 Watts Powerful Suction Control - 3 Free Reusable dust Bag worth Rs 50...,3300,src/main/resources/data/images/miscellaneous/Car Appliances36.png
Dr. CHARCOAL Non-Electric Air Purifier - Deodorizer and Dehumidifier for Car - Bathroom and Kitchen - 200 Grams (Classic Khaki),589,src/main/resources/data/images/miscellaneous/Car Appliances37.png
HomeMate® Wi-Fi Smart IR Control Hub (Pack of 1) | Smart Air Conditioner Remote | Compatible With Alexa - Google Home | All...,1148,src/main/resources/data/images/miscellaneous/Car Appliances38.png
RNG EKO Green RNG-2001 Car Handheld Vacuum Cleaner (White),1699,src/main/resources/data/images/miscellaneous/Car Appliances39.png
RNG EKO GREEN 200 Watt/6.5KPA Cyclonic Power Wet/Dry Car Vacuum Cleaner - White (12V),2399,src/main/resources/data/images/miscellaneous/Car Appliances40.png
Spotzero By Milton Super Spongy - Set of 3 - Blue | Long Lasting | Absorbs 10 Times | Ideal for Kitchen Appliances | Glass |...,295,src/main/resources/data/images/miscellaneous/Car Appliances41.png
4 in 1 Car Vacuum Cleaner + Air Pump Car Electrical Appliances Air Pump Handheld Vacuum Cleaner Mini Super Suction Wet and...,2499,src/main/resources/data/images/miscellaneous/Car Appliances42.png
DEESSE Car Vacuum Cleaner - 120w 12v (Advansh-Black),999,src/main/resources/data/images/miscellaneous/Car Appliances43.png
FYA Wireless Handheld Vacuum Cleaner - Portable High Power Cordless Mini Car Vacuum Cleaner for Home Pet Hair Car Cleanin...,2499,src/main/resources/data/images/miscellaneous/Car Appliances44.png
Car Vacuum Cleaner - Zemic Portable & Corded High Power for Car Cleaning Car Accessories - DC 12V - 120W 5.5 KPA - Vaccune Cl...,999,src/main/resources/data/images/miscellaneous/Car Appliances45.png
HOME CUBE® Multipurpose Microfibre Wash & Dry Cleaning Sponge - 1 Piece - Random Color,299,src/main/resources/data/images/miscellaneous/Car Appliances46.png
Hoox Smart Cup Mini car Refrigerator/Fridge and Heater for Car Make Your Drink hot/Cool - 500 ml Capacity Smart car Access...,1499,src/main/resources/data/images/miscellaneous/Car Appliances47.png
Prestige PGMFB 800 Watt Grill Sandwich Toaster with Fixed Grill Plates - Black,1381,src/main/resources/data/images/miscellaneous/Car Appliances48.png
Sassoon Highly Absorbent Microfiber Cleaning Cloth in 450 GSM (4 Pcs - Purple)(40x40cm) Thick Lint & Streak-Free Multipurpo...,499,src/main/resources/data/images/miscellaneous/Car Appliances49.png
Trosskart Microfiber Cleaning Towels for Cars -Glasses -Kitchen -Laptop Screens -Stainless Steel appliances Multipurpose Duste...,237,src/main/resources/data/images/miscellaneous/Car Appliances50.png
uzty Car Cleaning Washable Microfiber Brush for Dusting Microfiber Brushes Dry Wet Home Kitchen - Office Cleaning Brush wit...,399,src/main/resources/data/images/miscellaneous/Car Appliances51.png
CHIMMET Foldable Microfiber Fan Cleaning Duster Flexible Fan mop for Quick and Easy Cleaning of Home - Kitch...,299,src/main/resources/data/images/miscellaneous/Car Appliances52.png
Sulfar Lutian Car Washer High Pressure Pump - 1200W|Pressure-80 Bar - Max Flow-390 l/h - Working Radius +9m - ...,4999,src/main/resources/data/images/miscellaneous/Car Appliances53.png
ENFLNI Dust Brush - Retractable Gap Dust Cleaning Artifact Good Grips Microfiber Hand Duster - Removable and ...,497,src/main/resources/data/images/miscellaneous/Car Appliances54.png
Qolixs Microfiber Flexible Cleaning Brush Feather Duster Magic Dust with Stainless Steel Extendable Handle ...,429,src/main/resources/data/images/miscellaneous/Car Appliances55.png
AmazonBasics Wet and Dry Vacuum Cleaner with 20 kPa Power Suction - Low Sound - High Energy Efficiency and Bl...,4599,src/main/resources/data/images/miscellaneous/Car Appliances56.png
Buyab Factory Multipurpose Microfiber Flexible Duster for Home Static Dry Duster | Magic Colorful Microfibe...,499,src/main/resources/data/images/miscellaneous/Car Appliances57.png
SHOPPOFOBIX Foldable Microfiber Fan Cleaning Duster Steel Body Flexible Fan mop for Quick and Easy Cleaning...,479,src/main/resources/data/images/miscellaneous/Car Appliances58.png
Janravi Microfiber Duster Magic Dust Cleaner Fit Home Office Cleaning Tools Fan Duster for car Home Interio...,369,src/main/resources/data/images/miscellaneous/Car Appliances59.png
Desidiya 12 Stars 138 Led Curtain String Lights Window Curtain Lights With 8 Flashing Modes Decoration For ...,525,src/main/resources/data/images/miscellaneous/Diwali Lights0.png
Desidiya® LED Rice Light for Decoration Strip and Series Light for Diwali Christmas Indoor Outdoor Decorati...,150,src/main/resources/data/images/miscellaneous/Diwali Lights1.png
Jibha 12 Stars Curtain String Lights - Window Curtain Lights for Diwali - Christmas - Wedding - Party - Home - Pa...,651,src/main/resources/data/images/miscellaneous/Diwali Lights2.png
Quace Copper String Led Light 10M 100 LED Battery Powered Wire Decorative Fairy Lights - Warm White,275,src/main/resources/data/images/miscellaneous/Diwali Lights3.png
DesiDiya® Warm White Diya/Diwali Light Curtain -String Lights with Pack of 12 Hanging Diyas - 8 Flashing Modes - Decoration,600,src/main/resources/data/images/miscellaneous/Diwali Lights4.png
Desidiya 12 Stars Led Diwali Lights Curtain String Lights Window Curtain Led Lights For Decoration With 8 Flashing For Chr...,525,src/main/resources/data/images/miscellaneous/Diwali Lights5.png
Gesto LED String Serial Light 45 Meter With 8 Modes Changing Controller. Waterproof & Flexible Copper LED Serial String Li...,490,src/main/resources/data/images/miscellaneous/Diwali Lights6.png
XERGY USB 50 Leds 5 Meter Waterproof Fairy String Lights for Diwali Home Decoration - Christmas Tree Decoration  - Starry St...,299,src/main/resources/data/images/miscellaneous/Diwali Lights7.png
Quace 12 Stars Curtain String Lights - Window Curtain Lights with 8 Flashing Modes Decoration for Christmas - Wedding - Part...,529,src/main/resources/data/images/miscellaneous/Diwali Lights8.png
fizzytech Flower Fairy String Lights for Indoor Outdoor Decoration Diwali Light for Party Birthday Diwali Christmas Navrat...,299,src/main/resources/data/images/miscellaneous/Diwali Lights9.png
PESCA Diwali Decorative LED String Lights Serial Bulbs - Multi Color 25 Meter,345,src/main/resources/data/images/miscellaneous/Diwali Lights10.png
MIRADH 300 LED Fairy Curtain Lights with Remote Control Adjustable Brightness - USB Operated for Home Decoration - Diwali De...,899,src/main/resources/data/images/miscellaneous/Diwali Lights11.png
PESCA 50 LED Bulbs String Led Lights for Home Decoration for Diwali - Flameless & Smokeless LED Lights for Any Festival - Di...,249,src/main/resources/data/images/miscellaneous/Diwali Lights12.png
The Purple Tree Decorative Diya Diwali Light Curtain - String Lights with 12 Hanging Diyas - 8 Flashing Modes - 2.5 Meter (1...,749,src/main/resources/data/images/miscellaneous/Diwali Lights13.png
PESCA Snow Flake String Lights for Indoor Outdoor Decoration Diwali Light for Party Birthday Diwali Christmas Navratri Val...,349,src/main/resources/data/images/miscellaneous/Diwali Lights14.png
Quace Copper String Led Light 10M 100 LED Battery Powered Wire Decorative Fairy Lights - Warm White,275,src/main/resources/data/images/miscellaneous/Diwali Lights15.png
Gesto 5 Meter Led Rope Light Pipe Light (Warm White) Decorative Light-Pack Of 1,419,src/main/resources/data/images/miscellaneous/Diwali Lights16.png
fizzytech Snow Flake String Lights for Indoor Outdoor Decoration Diwali Light for Party Birthday Diwali Christmas Navratri...,349,src/main/resources/data/images/miscellaneous/Diwali Lights17.png
Lexton 40 Feet LED Decorative String Light | Warm White | Plug Sourced | for Indoor & Outdoor Decorations - Diwali - Christm...,179,src/main/resources/data/images/miscellaneous/Diwali Lights18.png
Gesto LED String Lights - 20 Meter Fairy Lights with 360 Degree Light LED Bulb - Waterproof & Bendable Copper LED Serial L...,340,src/main/resources/data/images/miscellaneous/Diwali Lights19.png
Enjoy The Celebration People Marquee LED Happy Diwali Sign Light Decoration Warm Light Alphabet Letters Lig...,2499,src/main/resources/data/images/miscellaneous/Diwali Lights20.png
SHAULA Romantic Sky Star Master Night Projector Lamp With Usb 4 Led Rotation Baby Sleep Lighting Usb Lamp L...,489,src/main/resources/data/images/miscellaneous/Diwali Lights21.png
Glowtronix Copper String Led Light 5M 50 LED Battery Powered Wire Decorative Fairy Lights Diwali Christmas ...,250,src/main/resources/data/images/miscellaneous/Diwali Lights22.png
Genteel Warm White Diya/Diwali Light Curtain - String Lights with Pack of 12 Hanging Diya's - 8 Flashing Mode...,899,src/main/resources/data/images/miscellaneous/Diwali Lights23.png
Party Propz 300 LED Fairy Curtain Lights- with Remote Control Adjustable Brightness; USB Plug for Bedroom Indoor Outdoor G...,1044,src/main/resources/data/images/miscellaneous/Diwali Lights24.png
Miradh String Lights Moroccan Ball Multicolor 11ft 16LED Globe Fairy String Light Orb Lantern Christmas Lighting for Diwal...,369,src/main/resources/data/images/miscellaneous/Diwali Lights25.png
Philips Starlit 12 Meter 72 LEDs String Light for Decoration | Festival LED String Light for Diwali - Christmas and Home De...,360,src/main/resources/data/images/miscellaneous/Diwali Lights26.png
FLYNGO 12 Diya 138 LED Curtain String Lights for Decoration - Window Lights with 8 Flashing Modes for Home Decoration for D...,599,src/main/resources/data/images/miscellaneous/Diwali Lights27.png
MIRADH Outdoor String Lights - 5M 20 LED Waterproof Ball Lights - Starry Fairy Lights -Diwali Light - Decoration Light - Batter...,269,src/main/resources/data/images/miscellaneous/Diwali Lights28.png
Gesto LED String Serial Light 55 Meter With 8 Modes Changing Controller. Waterproof & Flexible Copper LED Serial String Li...,675,src/main/resources/data/images/miscellaneous/Diwali Lights29.png
Refulgix LED Lantern String Lights Home Decorative Diwali Christmas Lights Decoration (Warm White),399,src/main/resources/data/images/miscellaneous/Diwali Lights30.png
Miradh 12 Stars 138 LED Curtain String Lights Led Lights /Star Lights (Multicolor -Corded electric -Plastic),699,src/main/resources/data/images/miscellaneous/Diwali Lights31.png
Quace 16 Stars 136 LED Curtain String Fairy Lights,749,src/main/resources/data/images/miscellaneous/Diwali Lights32.png
MIRADH Led Net Mesh String Lights - Led Lights For Home Decoration 5ft x 5ft 120 LEDs 8 modes (PVC -Warm-White Net Light 1....,1099,src/main/resources/data/images/miscellaneous/Diwali Lights33.png
Mansaa Essentials 100 LED Copper Fairy String 10 m Lights with 1 m USB Cable for Home Decoration - Party  - Warm White,279,src/main/resources/data/images/miscellaneous/Diwali Lights34.png
NOVALUC 40 Led Blossom Flower Decoration Lights Plug in Fairy String Lights Diwali Christmas Home Decoratve Lights (Steady...,385,src/main/resources/data/images/miscellaneous/Diwali Lights35.png
Gesto Super Bright 5 Meter/16.6 Feet Waterproof LED Ceiling Light for False Ceiling -Cove Light - Led Strip Light for Home D...,419,src/main/resources/data/images/miscellaneous/Diwali Lights36.png
Ignitate 12 Star Curtain String Decorative Led Lights with 8 Mode for Diwali Christmas Wedding Party - 2.5 Meter (1 Curtai...,699,src/main/resources/data/images/miscellaneous/Diwali Lights37.png
NOVALUC 40 LED Crystal Ball Home Decorative Fairy Lights Christmas Diwali Decoration String Lights (6 Meters - Steady Light...,599,src/main/resources/data/images/miscellaneous/Diwali Lights38.png
Gesto 35 Feet Long Led Power Pixel Serial String Light - 360 Degree Light In Bulb/ Copper Led Pixel String Light For Decora...,249,src/main/resources/data/images/miscellaneous/Diwali Lights39.png
One94Store 10 Diyas 114 LED Curtain String Lights Window Curtain Lights with 8 Flashing Modes Decoration - 2.5 Meter (5+5 ...,569,src/main/resources/data/images/miscellaneous/Diwali Lights40.png
One94store Fairy Water Drop String Ball Light 14 LED Outdoor String Lights Waterproof Crystal Water Drop Fairy Lights - Dec...,331,src/main/resources/data/images/miscellaneous/Diwali Lights41.png
One94Store Cotton Ball LED String Light 10 LED 3 Meter Warm White Fairy String Light for Indoor Outdoor Diwali Decoration ...,349,src/main/resources/data/images/miscellaneous/Diwali Lights42.png
Quace Led Fairy String Decorative Net Lights Warm White 144 LEDs 2M X 2M(Plastic),699,src/main/resources/data/images/miscellaneous/Diwali Lights43.png
NOVALUC 40 LED Crystal Ball Fairy String Lights for Decoration - Indoor Christmas Diwali Lights (6 Meters - Steady Light - Mu...,599,src/main/resources/data/images/miscellaneous/Diwali Lights44.png
NOVALUC 30 Led Lotus Flower Decoration Lights Plug in Fairy String Lights Diwali Christmas Home Decoratve Lights (Warm White),435,src/main/resources/data/images/miscellaneous/Diwali Lights45.png
Quace 12 Stars Curtain String Lights - Window Curtain Lights with 8 Flashing Modes Decoration for Christmas - Wedding - Part...,599,src/main/resources/data/images/miscellaneous/Diwali Lights46.png
ALILA Leaf Plant Led String Lights for Home Lawn Garden Indoor Outdoor Decoration - 3.5Meter - 20LED (Pack of 1),599,src/main/resources/data/images/miscellaneous/Diwali Lights47.png
PESCA Copper String Led Light 10 Meter 100 LED USB Powered Wire Decorative Fairy Lights - Warm White (Pack of 1),235,src/main/resources/data/images/miscellaneous/Diwali Lights48.png
Naivete Fairy Water Drop String Ball Light 16 LED Outdoor String Lights Waterproof Crystal Water Drop Fairy Lights - Decora...,399,src/main/resources/data/images/miscellaneous/Diwali Lights49.png
Urban King LED String Serial Light 12Meter - 360 Degree Light in Bulb for Diwali - Christmas Home Decoration (Blue - 1),95,src/main/resources/data/images/miscellaneous/Diwali Lights50.png
Decorative Buckets: Diwali lights| diwali lights for decoration| Decorative lights |Christmas lights | LED LONG RAIN DROP ...,1699,src/main/resources/data/images/miscellaneous/Diwali Lights51.png
CITRA 400 LED Extra Long White Wire Fairy String Tree Twinkle Lights for Diwali Festival Decoration (Warm White),1199,src/main/resources/data/images/miscellaneous/Diwali Lights52.png
Indigifts 20 LED String Fairy Lights for Decortaion Light DIY Diwali Lights for Home Balcony Decoration Home Decorations L...,449,src/main/resources/data/images/miscellaneous/Diwali Lights53.png
SYSPRO Metal Drop Shape String Fairy Lights for Home - Diwali - Festival - Indoor Outdoor Decoration - 4 Meter 14 Led Warm Whi...,459,src/main/resources/data/images/miscellaneous/Diwali Lights54.png
Dayons Indoor String Lights for Home Decorations - Multi use Lights for Festivals and Birthdays - Pixel LEDs Diwali Lights (...,475,src/main/resources/data/images/miscellaneous/Diwali Lights55.png
Kimber 12 Stars LED Diwali Lights Curtain String Lights Window Curtain Led Lights for Decoration with 8 Fla...,498,src/main/resources/data/images/miscellaneous/Diwali Lights56.png
mobimint 12 Star Curtain String Lights -Waterproof Star Lights Decorative Bedroom Indoor Outdoor Window Wedd...,549,src/main/resources/data/images/miscellaneous/Diwali Lights57.png
XERGY 8 Mode Copper Wire 100 LED String Fairy Light with Remote for Home Decoration (10M - Warm White -Batter...,599,src/main/resources/data/images/miscellaneous/Diwali Lights58.png
Natchcart Led Curtain String Lights with 8 Flashing Modes for Diwali - Home Decoration - Christmas - Wedding - ...,1399,src/main/resources/data/images/miscellaneous/Diwali Lights59.png
Propsicle Bachelorette Party Decoration Rose Gold Ring Balloon - 2 Round balloon - and 2 Rose Gold 18"" Heart ...,299,src/main/resources/data/images/miscellaneous/Decoration1.png
Propsicle Bachelorette Confetti Balloon Pack of 19 Rose Gold Bride to Be Letter Balloon Party Decoration Item,349,src/main/resources/data/images/miscellaneous/Decoration2.png
Propsicle Foil Engagement Ring Balloon Rose Gold Pack of 1 Foil Bride To Be Decoration Bachelorette Party B...,199,src/main/resources/data/images/miscellaneous/Decoration3.png
Lexton Star Curtain Light | 6 Big Star 6 Small Star Light | With 8 Flashing Modes | 12 Stars | Warm white | For Indoor & O...,567,src/main/resources/data/images/miscellaneous/Decoration4.png
Sphinx Artificial Marigold Fluffy Flowers Garlands for Decoration - (Yellow - 5 Pieces),299,src/main/resources/data/images/miscellaneous/Decoration5.png
Lexton 40 Feet LED Decorative String Light | Warm White | Plug Sourced | for Indoor & Outdoor Decorations - Diwali - Christm...,179,src/main/resources/data/images/miscellaneous/Decoration6.png
GT Gloptook 6 Pcs Artificial Polyester Hanging Flower Wisteria Vines Fake Flowers Vines For Home Party Wedding Garden Outd...,370,src/main/resources/data/images/miscellaneous/Decoration7.png
Lexton 20 Piece Photo Clips String Light Battery (Battery Not Included) for Home Decoration (Warm White),307,src/main/resources/data/images/miscellaneous/Decoration8.png
Party Propz Rose Gold Birthday Decoration Set for Birthday Decorations Party - Birthday Celebration Kit - Set for Girls Wome...,298,src/main/resources/data/images/miscellaneous/Decoration9.png
Toyshine Party Wall Decoration Set (6 Assorted Round Paper Fans) Birthday Party Baby Party Wedding Events Decor | Creative...,284,src/main/resources/data/images/miscellaneous/Decoration10.png
fizzytech Snow Flake String Lights for Indoor Outdoor Decoration Diwali Light for Party Birthday Diwali Christmas Navratri...,349,src/main/resources/data/images/miscellaneous/Decoration11.png
Party Propz Pink Birthday Decoration Items Combo Set for Girls Kids- Happy Birthday Bunting - Metallic and Chrome Balloons -...,338,src/main/resources/data/images/miscellaneous/Decoration12.png
Party Propz Happy Birthday Decorations for Boys- Golden Foil Banner - Blue Foil Curtain -Star Foil Balloons - Metallic Balloo...,299,src/main/resources/data/images/miscellaneous/Decoration13.png
GT Gloptook Artificial Hanging Wisteria Flower Vine (Pink - Set of 6 - 36.1 x 25.9 x 7.9 cm),369,src/main/resources/data/images/miscellaneous/Decoration14.png
Party Propz Pack Of 50 Black -Golden and White Latex Rubber Balloon For Balloons For Decoration / Birthday Balloons Decorat...,189,src/main/resources/data/images/miscellaneous/Decoration15.png
Party Propz Pink Birthday Decoration Items Combo Set for Girls Kids- Happy Birthday Paper Bunting - Latex and Chrome Balloo...,347,src/main/resources/data/images/miscellaneous/Decoration16.png
Party Propz Rubber Rose Gold Birthday Decorations Combo Black Banner With Confetti Balloons - Star Foil Balloons - Foil Curt...,599,src/main/resources/data/images/miscellaneous/Decoration17.png
Wobbox Big 3ft x 6ft Tinsel Metallic Foil Fringe Curtains Backdrop Door Window Curtain Party Decoration (Gold) One Pack,167,src/main/resources/data/images/miscellaneous/Decoration18.png
Party Propz Golden Paper Fans Decoration Items-8Pcs set For Adult - Husband - Wife - Birthday/House Wall Decorations/Annivers...,697,src/main/resources/data/images/miscellaneous/Decoration19.png
Hemito 79 Pc Birthday Decoration Kit– Blue Peach Pastel Balloons Combo with Birthday Banner - Arc - Glue Dot ...,360,src/main/resources/data/images/miscellaneous/Decoration20.png
PARTY BREEZE™ birthday decoration spider man combo super hero theme kit banner balloons 36pcs for boys girl...,349,src/main/resources/data/images/miscellaneous/Decoration21.png
WoW Party Studio Construction Happy Birthday Theme Party Decorations Items Combo Kit Set - 45Pcs with Banne...,459,src/main/resources/data/images/miscellaneous/Decoration22.png
Festiko 200pcs Balloon Glue dot Point Dots Removable - 2Rolls (100 Pieces Each Rolls)|Glue dot Tape for Ball...,165,src/main/resources/data/images/miscellaneous/Decoration23.png
Party Propz Happy Birthday Banner Decoration Kit - 34Pcs Set for Boys Husband Balloons Decorations Items Combo with Metall...,249,src/main/resources/data/images/miscellaneous/Decoration24.png
Party Propz White Decoration Net With Led Fairy Lights for Romantic Dinner - Anniversary - Birthday Party Celebration and Va...,597,src/main/resources/data/images/miscellaneous/Decoration25.png
Party Propz Emoji Theme Birthday Decoration Kit Combo - Banner - Rubber Balloon - Led Light Set for Kids - Boys -Girls Supplie...,399,src/main/resources/data/images/miscellaneous/Decoration26.png
TIED RIBBONS Set of 4 Artificial Marigold Flower Garland Diwali Decorations Wall Door Hanging Toran for Door with Bells Ra...,549,src/main/resources/data/images/miscellaneous/Decoration27.png
Party Propz Unicorn Theme Birthday Decorations Kit For Girls - 72Pcs Combo Set / Happy Birthday Decoration Kit For Girls - ...,599,src/main/resources/data/images/miscellaneous/Decoration28.png
Party Propz Balloon Decoration Combo Frozen / Mermaid Theme Birthday Decoration 85Pcs Birthday Decoration Kit for Boys/ Bl...,284,src/main/resources/data/images/miscellaneous/Decoration29.png
Party Propz Pink - Golden White Metallic Latex Rubber Balloons Pack-51Pcs for Kids Women Birthday -  - Unicorn - Princess - Fir...,189,src/main/resources/data/images/miscellaneous/Decoration30.png
SATYAM KRAFT 24 Pcs Artificial Big Fake Foam Hawaii Beach Water floating Flowers for Diwali Decoration - Pooja Thali - Festi...,359,src/main/resources/data/images/miscellaneous/Decoration31.png
Party Propz Net Curtains White Decoration Net For Romantic Dinner - Anniversary - Birthday Party Celebration and Valentines ...,398,src/main/resources/data/images/miscellaneous/Decoration32.png
Party Propz Cheers Champagne Foil Balloons For Birthday Decoration - 4Pcs 32"" Champagne Balloons For Decoration / Cheers F...,284,src/main/resources/data/images/miscellaneous/Decoration33.png
Party Propz Mcqueen Car Birthday Theme decorations For Party Supplies 51Pcs Combo Set For Kids Birthday Decoration / Boys ...,517,src/main/resources/data/images/miscellaneous/Decoration34.png
Special You butterfly for Decoration items for wall decor of home - 3d butterflies for room  - bedroom  - living room - pooja -...,268,src/main/resources/data/images/miscellaneous/Decoration35.png
Party Propz Jungle Theme Party Decoration - for - Animal Theme Birthday Party Decorations - Animal Balloons - Birthday Them...,521,src/main/resources/data/images/miscellaneous/Decoration36.png
Party Propz Happy Birthday Decoration Kit - Black Banner With Led Light Birthday Decorations Items For Bday Lights Combo P...,279,src/main/resources/data/images/miscellaneous/Decoration37.png
Party Propz Jungle Theme Decoration Swirls Hanging - 12Pcs Set For Safari Or Animal Theme Birthday Decorations/ ceiling ha...,199,src/main/resources/data/images/miscellaneous/Decoration38.png
Party Propz Happy Birthday Decoration Kit Combo - 53Pcs Black Golden Silver Items Set with 2Pcs Silver Foil Curtain -50 Pcs...,398,src/main/resources/data/images/miscellaneous/Decoration39.png
Party Propz Girls Happy Birthday Rubber Balloons Banner Curtains Decorations Kit- 93Pcs For Girl Baby Kids First Bday Deco...,499,src/main/resources/data/images/miscellaneous/Decoration40.png
Rozi Decoration Foil Fringe Tinsel Metallic Curtains Photo Backdrop for Wedding Engagement Bridal Shower Birthday Bachelor...,194,src/main/resources/data/images/miscellaneous/Decoration41.png
Special You Decoration Tulle White net Curtain Cloth Backdrop Combo with Green Leaves for Birthdays - Anniversary  - Baby Sh...,697,src/main/resources/data/images/miscellaneous/Decoration42.png
Party Propz Foil Glitter Stars And Tinsel Curtain Ceiling Decorations Hanging Balloon Swirls (Blue - Balloons Not Included)...,249,src/main/resources/data/images/miscellaneous/Decoration43.png
Party Propz White Golden Latex Rubber Balloon Arc Combo 84Pcs Set For Anniversary - Birthday - Retirement - Adult - Quarantin...,474,src/main/resources/data/images/miscellaneous/Decoration44.png
Party Propz Rubber Balloon Decoration Garland Arch Kit - For Happy Birthday Decorations Items/ Decoration Items Set/Husban...,599,src/main/resources/data/images/miscellaneous/Decoration45.png
PARTY BREEZE™ rosegold pink white Happy Birthday Decoration Combo Kit with Banner Balloons Foil Curtain star foil for Birt...,199,src/main/resources/data/images/miscellaneous/Decoration46.png
Nutts Artificial Marigold Flower for Home Decoration - Office Decoration - Diwali Decoration -Festival Decoration (Colour- Ye...,495,src/main/resources/data/images/miscellaneous/Decoration47.png
StepsToDo Set of 12 Golden Framed Lotus Flower Shape Wooden Cutout | Rose Pink (6) Ocean Blue (6) | Lotus DIY Rangoli Kit...,499,src/main/resources/data/images/miscellaneous/Decoration48.png
Special You Decoration tulle white net Curtain cloth backdrop and LED Fairy Lights Combo for birthdays - christmas  - annive...,587,src/main/resources/data/images/miscellaneous/Decoration49.png
Party Propz Green Birthday Decoration Items Combo Set for Kids- Happy Birthday Banner - Metallic Balloons - Glue Dot -Arch St...,389,src/main/resources/data/images/miscellaneous/Decoration50.png
JH Gallery Lotus Hangings for Decoration/ Floral Wall Hangings for Temple Decor - showpiece for Home Decor(Pack of 12),769,src/main/resources/data/images/miscellaneous/Decoration51.png
SATYAM KRAFT 50 PCS Stemless Floating Artificial Flower Heads for Valentine's & DIY Mini Small Artificial Floral Fake Foam...,219,src/main/resources/data/images/miscellaneous/Decoration52.png
Party Propz paper cardstock Boss Baby Birthday Decoration For Baby Boy - 1 Set of 18Pcs Boss Baby Photo Booth For Birthday...,170,src/main/resources/data/images/miscellaneous/Decoration53.png
Blackcherry 2 Pack LED String Light - Mini Battery Operated/Powered String Light with Copper Wire  -3AA Battery Opearted (Wa...,239,src/main/resources/data/images/miscellaneous/Decoration54.png
Flyloons Air Balloon Pump with Glue dot and Balloon Arch Strip for Foil Balloons and Inflatable Toys Party Accessory (Pum...,189,src/main/resources/data/images/miscellaneous/Decoration55.png
WoW Party Studio Unicorn Theme Party Happy Birthday Decorations Badges - 10Pcs,289,src/main/resources/data/images/miscellaneous/Decoration56.png
WoW Party Studio Unicorn Theme Happy Birthday Party Decorations Bunting Banner,289,src/main/resources/data/images/miscellaneous/Decoration57.png
WoW Party Studio Mermaid Theme Happy Birthday Party Decorations Bunting Banner,289,src/main/resources/data/images/miscellaneous/Decoration58.png
Easy Party Store 4th Birthday Decoration Items (Complete Decoration Kit) (4th Birthday - Classic + Pump),299,src/main/resources/data/images/miscellaneous/Decoration59.png
Party Propz Happy Birthday Decoration Items - 57Pcs for Black - Golden Balloons Banners Foil Curtain Photo B...,379,src/main/resources/data/images/miscellaneous/Birthday Decor0.png
Party Propz Rubber Rose Gold Star - Princess - Butterfly Birthday Decorations For Girls Combo Set - 55 Pieces,497,src/main/resources/data/images/miscellaneous/Birthday Decor1.png
Party Propz Golden Black and Silver Rubber Balloon Birthday Decorations Items - 33Pcs Combo For Kids -Adult ...,398,src/main/resources/data/images/miscellaneous/Birthday Decor2.png
Party Propz Birthday Decoration Items Kit- 35Pcs Birthday Decorative Combo set for Kids - Husband - Wife - Gir...,398,src/main/resources/data/images/miscellaneous/Birthday Decor3.png
Party Propz Rubber Rose Gold Birthday Decorations Combo Black Banner With Confetti Balloons - Star Foil Balloons - Foil Curt...,599,src/main/resources/data/images/miscellaneous/Birthday Decor4.png
Party Propz LED Happy Birthday Banner with Flag Sign Exclusive for Kids; Boys; Girls; Adult; 30th; 40th; 50th; 60th; Quara...,499,src/main/resources/data/images/miscellaneous/Birthday Decor5.png
Party Propz Rubber Balloon Decoration Garland Arch Kit - For Happy Birthday Decorations Items/ Decoration Items Set/Husban...,599,src/main/resources/data/images/miscellaneous/Birthday Decor6.png
Party Propz Happy Birthday Decoration Items - 57Pcs for Black - Golden Balloons Banners Foil Curtain Photo Booth Props/ Bir...,379,src/main/resources/data/images/miscellaneous/Birthday Decor7.png
Party Propz Happy Birthday Decoration Kit - Black Banner With Led Light Birthday Decorations Items For Bday Lights Combo P...,279,src/main/resources/data/images/miscellaneous/Birthday Decor8.png
Hemito Birthday Decoration Kit 60 pc – Rose Gold and White Metallic Balloons Combo with Birthday Banner - Arc - Glue Dot for...,331,src/main/resources/data/images/miscellaneous/Birthday Decor9.png
Party Propz Cheers Champagne Foil Balloons For Birthday Decoration - 4Pcs 32"" Champagne Balloons For Decoration / Cheers F...,284,src/main/resources/data/images/miscellaneous/Birthday Decor10.png
PARTY BREEZE™ rosegold pink white Happy Birthday Decoration Combo Kit with Banner Balloons Foil Curtain star foil for Birt...,199,src/main/resources/data/images/miscellaneous/Birthday Decor11.png
Party Propz Pink Birthday Decoration Items Combo Set for Girls Kids- Happy Birthday Bunting - Metallic and Chrome Balloons -...,338,src/main/resources/data/images/miscellaneous/Birthday Decor12.png
Party Propz Rubber Glitter Star Hanging For Balloon Ceiling - Party Christmas Wedding Birthday Photo Booth Props Decor Supp...,236,src/main/resources/data/images/miscellaneous/Birthday Decor13.png
Party Propz White Decoration Net With Led Fairy Lights for Romantic Dinner - Anniversary - Birthday Party Celebration and Va...,597,src/main/resources/data/images/miscellaneous/Birthday Decor14.png
Party Propz Rose Gold Birthday Decoration Set for Birthday Decorations Party - Birthday Celebration Kit - Set for Girls Wome...,298,src/main/resources/data/images/miscellaneous/Birthday Decor15.png
Party Propz Happy Birthday Decoration Kit 32Pcs Set for Husband Boys Kids Decorations Items Combo with Helium Letters Foil...,298,src/main/resources/data/images/miscellaneous/Birthday Decor16.png
Party Propz Champagne Foil Party Balloons Garland Set-82Pcs With Confetti Balloon - 5"" and 12"" Metallic Rubber Baloon Decor...,497,src/main/resources/data/images/miscellaneous/Birthday Decor17.png
Party Propz Net - Latex - Cardstock Decoration Items For Birthday -26Pcs Combo with White Net - LED Fairy Lights And Pink/Gol...,474,src/main/resources/data/images/miscellaneous/Birthday Decor18.png
Party Propz Happy Birthday Banner Decoration Kit - 34Pcs Set for Boys Husband Balloons Decorations Items Combo with Metall...,249,src/main/resources/data/images/miscellaneous/Birthday Decor19.png
Party Propz Rose Gold Birthday Decoration Kit Combo - 34Pcs With Fans - Bday Banner - Star Foil Balloon - Conf...,799,src/main/resources/data/images/miscellaneous/Birthday Decor20.png
Party Propz Emoji Theme Birthday Decoration Kit Combo - Banner - Rubber Balloon - Led Light Set for Kids - Boy...,399,src/main/resources/data/images/miscellaneous/Birthday Decor21.png
Party Propz Golden And Red Happy Birthday Decoration Combo Kit With Banner - Balloons - Foil Curtain - Crown F...,459,src/main/resources/data/images/miscellaneous/Birthday Decor22.png
Party Propz 30th - 40th - 60th - 70th Happy Birthday Theme Decoration Balloon Kit Combo for Adult and Kids - 3...,699,src/main/resources/data/images/miscellaneous/Birthday Decor23.png
Party Propz Unicorn Birthday Decorations Balloons Combo Set with Foil Letters Banners Balloon - Latex - 4D Unicorn - Set For ...,730,src/main/resources/data/images/miscellaneous/Birthday Decor24.png
Party Propz Happy Birthday Decorations for Boys- Golden Foil Banner - Blue Foil Curtain -Star Foil Balloons - Metallic Balloo...,299,src/main/resources/data/images/miscellaneous/Birthday Decor25.png
Party Propz Pink - Golden White Metallic Latex Rubber Balloons Pack-51Pcs for Kids Women Birthday -  - Unicorn - Princess - Fir...,189,src/main/resources/data/images/miscellaneous/Birthday Decor26.png
PROP BOX Birthday Decoration Items Includes White Net for Cabana Tent Theme Party with LED Lights - Happy Birthday Gold Cur...,499,src/main/resources/data/images/miscellaneous/Birthday Decor27.png
Party Propz Balloon Animal Decorations Items Kit- 89Pcs Premium Blue Mint Silver Latex Foil Balloons Arc Combo Set For Boy...,787,src/main/resources/data/images/miscellaneous/Birthday Decor28.png
Party Propz Net Curtains White Decoration Net For Romantic Dinner - Anniversary - Birthday Party Celebration and Valentines ...,398,src/main/resources/data/images/miscellaneous/Birthday Decor29.png
Party Propz Emoji Theme Birthday Decoration Kit Combo - Banner - Rubber Balloon - Led Light Set for Kids - Boys -Girls Supplie...,399,src/main/resources/data/images/miscellaneous/Birthday Decor30.png
Party Propz 13Pcs Rose Gold Rubber Balloons - Star Balloons Combo For Birthday Decoration Items For Kids - Girls  - Wife,246,src/main/resources/data/images/miscellaneous/Birthday Decor31.png
Special You Birthday Decoration butterfly theme DIY Combo Kit with white net Curtain cloth and Fairy Lights - 80 pc  - Pink...,898,src/main/resources/data/images/miscellaneous/Birthday Decor32.png
Party Propz Happy Birthday Cake Topper 6Pcs With Golden Confetti Rubber Balloons -Fans And Bday Cupcake Toppers For Kids Bo...,298,src/main/resources/data/images/miscellaneous/Birthday Decor33.png
Party Propz Girls Happy Birthday Rubber Balloons Banner Curtains Decorations Kit- 93Pcs For Girl Baby Kids First Bday Deco...,499,src/main/resources/data/images/miscellaneous/Birthday Decor34.png
Party Propz Unicorn Theme Birthday Decorations Swirls Hanging Decorations 12Pcs For Girls Party Decoration -Ceiling Decor S...,299,src/main/resources/data/images/miscellaneous/Birthday Decor35.png
Party Propz Cloth - Latex - Foil - Paper Decoration Items For Birthday 25Pcs White Net - LED Fairy Lights And Balloon - Backgr...,699,src/main/resources/data/images/miscellaneous/Birthday Decor36.png
Party Propz Happy Birthday Decoration Kit Combo - 53Pcs Black Golden Silver Items Set with 2Pcs Silver Foil Curtain -50 Pcs...,398,src/main/resources/data/images/miscellaneous/Birthday Decor37.png
Party Propz Jungle Theme Party Decoration - for - Animal Theme Birthday Party Decorations - Animal Balloons - Birthday Them...,521,src/main/resources/data/images/miscellaneous/Birthday Decor38.png
Party Propz Jungle Theme Decoration Swirls Hanging - 12Pcs Set For Safari Or Animal Theme Birthday Decorations/ ceiling ha...,199,src/main/resources/data/images/miscellaneous/Birthday Decor39.png
Party Propz Blue With Silver Happy Birthday Decoration Items Kit Combo Set Birthday Bunting Silver Foil Curtain Metallic B...,249,src/main/resources/data/images/miscellaneous/Birthday Decor40.png
PARTY MIDLINKERZ Printed Happy Birthday Decoration kit Combo - 61 Pcs for Birthday Decor (Set of 61),299,src/main/resources/data/images/miscellaneous/Birthday Decor41.png
CherishX.com Rose Gold Birthday Decoration Items Kit - 71 Pcs Combo -Pastel Rosegold Happy Birthday - Pastel & Metallic Rub...,369,src/main/resources/data/images/miscellaneous/Birthday Decor42.png
Festiko ® Jungle Animal Party Swirls Decorations Ceiling Hanging Animal Theme Party Supplies for Birthday Decor Event (Mul...,284,src/main/resources/data/images/miscellaneous/Birthday Decor43.png
Rozi Decoration Rubber Pastel Balloons For Theme Party Birthday Baby Shower Anniversary Decorations - (Assorted Colour - Pac...,199,src/main/resources/data/images/miscellaneous/Birthday Decor44.png
Party Propz Green Birthday Decoration Items Combo Set for Kids- Happy Birthday Banner - Metallic Balloons - Glue Dot -Arch St...,389,src/main/resources/data/images/miscellaneous/Birthday Decor45.png
OSG Crafters Happy Birthday Letter Foil Balloon Set of Silver + Pack of 30 HD Metallic Balloons (Blue - Black and Silver) (...,196,src/main/resources/data/images/miscellaneous/Birthday Decor46.png
CAMARILLA Birthday Decoration Items Kit for Wife Husband Girls Boys Kids/Red Golden Metallic Latex Balloons -Confetti Ballo...,319,src/main/resources/data/images/miscellaneous/Birthday Decor47.png
TOYXE DONUT CANDY PIZZA POPCORN BIRTHDAY DECORATION BALLOONS SET 12 PCS,442,src/main/resources/data/images/miscellaneous/Birthday Decor48.png
Specialyou.In Fabric Birthday Decoration Diy Combo Kit With White Net Curtain Cloth And Fairy Lights - Chrome Balloons - Le...,797,src/main/resources/data/images/miscellaneous/Birthday Decor49.png
Air It Up Happy Birthday Balloons Decoration Kit Items Birthday Celebration -103 pcs Pastel Color Themes Decor Set Supplie...,634,src/main/resources/data/images/miscellaneous/Birthday Decor50.png
Party Propz Pink Birthday Decoration Items Combo Set for Girls Kids- Happy Birthday Paper Bunting - Latex and Chrome Balloo...,347,src/main/resources/data/images/miscellaneous/Birthday Decor51.png
Hemito Birthday Decoration Kit 62 pc - Green Gold Balloons Combo with Birthday Banner - Arc - Glue Dot - Balloon Pump for boy...,329,src/main/resources/data/images/miscellaneous/Birthday Decor52.png
Party Propz Rose Gold Birthday Decorations Combo With Foil Happy Birhday Letters Ballons -Metallic Balloons -Pennant Banner ...,597,src/main/resources/data/images/miscellaneous/Birthday Decor53.png
AMFIN® (16 Inch) Happy Birthday Foil Balloon Set - Happy Birthday Balloon for Decoration - Pink and Purple,149,src/main/resources/data/images/miscellaneous/Birthday Decor54.png
KHURANA DECORATIVE 24pcs Combo Happy Birthday Letter Foil Balloon Set of Gold with Silver Fringe Curtain (3 X 6 Feet) & HD...,370,src/main/resources/data/images/miscellaneous/Birthday Decor55.png
Party Propz Rose Gold Birthday Decorations Supplies Birthday Star Balloons With Happy Birthday Balloons Ban...,697,src/main/resources/data/images/miscellaneous/Birthday Decor56.png
Party Propz Happy Birthday Decoration Kit Combo - 42pcs Metallic Rubber Confetti with Birthday Bunting Gold...,398,src/main/resources/data/images/miscellaneous/Birthday Decor57.png
Party Propz Rose Gold Birthday Decorations Combo With Foil Happy Birhday Letters Ballons -Metallic Balloons -...,597,src/main/resources/data/images/miscellaneous/Birthday Decor58.png
Party Propz Blue theme birthday decoration Kit Combo 70Pcs Happy Birthday Banner Foil Metallic Balloon With...,499,src/main/resources/data/images/miscellaneous/Birthday Decor59.png
Acuvue Moist 30 Lens Pack Contact Lens - (-12.00),1250,src/main/resources/data/images/miscellaneous/Lenses0.png
ACUVUE - Oasys 1-Day Daily Disposable Contact Lenses (-12 - Clear - Pack of 30 lenses) | From Johnson&Johnson,1625,src/main/resources/data/images/miscellaneous/Lenses1.png
Acuvue 1-Day Moist - Daily Disposable Contact Lenses - Pack of 90 lenses - From Johnson & Johnson,3750,src/main/resources/data/images/miscellaneous/Lenses2.png
ACUVUE - Oasys with Hydraclear Plus - Two Week Reusable Contact Lenses ( -2.75 - Clear - Pack of 6 lenses) | ...,1249,src/main/resources/data/images/miscellaneous/Lenses3.png
Freshlook One-Day Color Pure Hazel Powerless -10 Lens Pieces Pack,625,src/main/resources/data/images/miscellaneous/Lenses4.png
Aquacolor Daily Disposable Soft Colored Contact Lenses Zero Power with UV Protection - Spicy Grey - (10 Lens/Box) - Plano,499,src/main/resources/data/images/miscellaneous/Lenses5.png
Soft Eye Combo Pack of 4 Pairs of Monthly Color Contact Lenses (Green -Grey -Blue & Hazel) (Zero Power/Lenses Only) With Cas...,309,src/main/resources/data/images/miscellaneous/Lenses6.png
Soft Eye 3 Pair (Honey - Hazel & Brown) 0 Power Monthly Contact Lens 0 Dioptres 6 + Multi Plus Solution with Lens Storage Box,219,src/main/resources/data/images/miscellaneous/Lenses7.png
Optify Combo Pack Monthly Color Contact Lens (Zero Power - Dark Grey-Brown - Pack of 2),199,src/main/resources/data/images/miscellaneous/Lenses8.png
Aqualens Daily Disposable Soft Contact Lenses with UV Protection - (10 Lens/Box) (-2.50),249,src/main/resources/data/images/miscellaneous/Lenses9.png
Aquacolor | Daily Disposable | Candy Pack Combo - Icy Blue Spicy Grey and Mystery Hazel | Color Contact Lenses,330,src/main/resources/data/images/miscellaneous/Lenses10.png
Glance Gallaxy 3 Pair Monthly Colored Grey-Brown-Sky Blue Contact Lenses for Eye Men and Women with 1 Lens Storage Box,279,src/main/resources/data/images/miscellaneous/Lenses11.png
Optify 2 Pair Grey Hazel Colored Contact Lens Monthly (Zero - Colored Contact Lenses - Pack of 2),199,src/main/resources/data/images/miscellaneous/Lenses12.png
Color style Spicy Gray Color Contact Lens,119,src/main/resources/data/images/miscellaneous/Lenses13.png
Bausch & Lomb Iconnect Value Pack Monthly Disposable Contact Lens (-3.75  - Clear - 6 Lenses),450,src/main/resources/data/images/miscellaneous/Lenses14.png
Gold Look Combo Pack of 5 Pair Monthly Colored Contact Lens Zero Power with Lens Case Aqua-Green-Hazel-Honey-Blue with cas...,369,src/main/resources/data/images/miscellaneous/Lenses15.png
Soft Eye 4 Pair Monthly Colored Blue Hazel Green Grey Contact Lenses for Eye Men and Women 1 Lens Storage Box,305,src/main/resources/data/images/miscellaneous/Lenses16.png
SOFT EYE (GREY) 1 pair monthly color contact lens (grey),179,src/main/resources/data/images/miscellaneous/Lenses17.png
Diamond Eye 3 Pair Monthly Aqua Sea Blue Brown Colored 0 Power Contact Lenses for Eyes Men and Women with Lens Case,279,src/main/resources/data/images/miscellaneous/Lenses18.png
color style Colour Style Dark Grey Color Monthly Contact Lenses,120,src/main/resources/data/images/miscellaneous/Lenses19.png
Sonya Lens Colored Contact Lenses (1 pair lens per box) Lovable- Violet,199,src/main/resources/data/images/miscellaneous/Lenses20.png
Sonya Lens Colored Contact Lenses (2 pair lens per box) Elegant- GRAY & VIOLET,230,src/main/resources/data/images/miscellaneous/Lenses21.png
Sonya Lens Colored Contact Lenses (2 pair lens per box) Elegant- HAZEL & VIOLET,230,src/main/resources/data/images/miscellaneous/Lenses22.png
Sonya Lens Colored Contact Lenses (2 pair lens per box) Elegant- HAZEL & GREEN,230,src/main/resources/data/images/miscellaneous/Lenses23.png
Optify® 2 Pair Brown - Hazel 0 Power Monthly Contact Lens with Lens Storage Box,199,src/main/resources/data/images/miscellaneous/Lenses24.png
Bausch & Lomb Iconnect Value Pack Monthly Disposable Contact Lens (-1.50 - Clear - 3 Lenses),311,src/main/resources/data/images/miscellaneous/Lenses25.png
Color Style 7 Pair Monthly grey brown Sky Blue Dark blue aqua green hazel Colored 0 Power Contact Lenses for Eyes Men and ...,499,src/main/resources/data/images/miscellaneous/Lenses26.png
Freshlook Colorblends Sterling Gray Powerless - 2 Lens Pack,699,src/main/resources/data/images/miscellaneous/Lenses27.png
RED AND WHITE MD SPARKLE 2 PAIR MONTHLY CRAZY CONTACT LENS/HORROR LENS WITH CASE AND 60ML SOLUTION (PACK OF 2 PAIR),269,src/main/resources/data/images/miscellaneous/Lenses28.png
AquaColor Mystery Hazel Candy Pack - Zero Power Color Contact Lens Dailies (2 Lens/Box),150,src/main/resources/data/images/miscellaneous/Lenses29.png
EYCOG 2 Pair Monthly Colored Grey-Grey 0 Power Contact Lenses With 30 ml Lens Solution For Eyes Men And Women,199,src/main/resources/data/images/miscellaneous/Lenses30.png
Gold Look Combo Pack of 5 Pair Monthly Colored Contact Lens Zero Power with Lens Case Aqua-Green-Hazel-Honey-Blue,305,src/main/resources/data/images/miscellaneous/Lenses31.png
ACUVUE 2 - Two Week Reusable Contact Lenses (-2.75 - Clear - Pack of 6 lenses) | From Johnson&Johnson,1129,src/main/resources/data/images/miscellaneous/Lenses32.png
Optify Combo Pack Monthly Color Contact Lens (Zero Power -Honey-Hazel - Pack of 2),199,src/main/resources/data/images/miscellaneous/Lenses33.png
Soft Eye Grey & Blue Combo Pack 2 Pairs Of Monthly Color Contact Lenses (Grey & Blue) Zero Power with Free Lens Solution &...,219,src/main/resources/data/images/miscellaneous/Lenses34.png
Optify Grey-Brown Monthly Color Contact Lens (Zero Power - Grey-Brown),199,src/main/resources/data/images/miscellaneous/Lenses35.png
EYCOG 3 Pair Monthly Grey Brown Sky Blue Colored 0 Power Contact Lenses for Eyes Men and Women with Lens Case,275,src/main/resources/data/images/miscellaneous/Lenses36.png
Diamond Eye Coloured Contact Lenses (1 pair lens per box) - Grey,129,src/main/resources/data/images/miscellaneous/Lenses37.png
Optify® 2 Pair Brown - Grey 0 Power Monthly Contact Lens with Lens Storage Box,249,src/main/resources/data/images/miscellaneous/Lenses38.png
Color style Dark Brown Color Monthly Contact Lenses,175,src/main/resources/data/images/miscellaneous/Lenses39.png
Optify Combo Pack of 2 Pairs of Monthly Color Contact Lenses (Light Grey -Sky Blue) (Zero Power/Lenses Only) With Case & So...,199,src/main/resources/data/images/miscellaneous/Lenses40.png
Freshlook One-Day Color Powerless - 10 Lens Pack (GREY),699,src/main/resources/data/images/miscellaneous/Lenses41.png
EYCOG Monthly Light Blue Colored 0 Power Contact Lenses for Eyes Men and Women with Lens Case,169,src/main/resources/data/images/miscellaneous/Lenses42.png
Bausch & Lomb Soflens 59 Monthly Contact Lens (-2.75 - Clear - Pack of 6),890,src/main/resources/data/images/miscellaneous/Lenses43.png
Gold Look Monthly Color Contact Lens (Zero Power - Red),175,src/main/resources/data/images/miscellaneous/Lenses44.png
Bausch & Lomb Lacelle Circle Monthly Color Contact Lens (Grey),640,src/main/resources/data/images/miscellaneous/Lenses45.png
Optify® 2 Pair Monthly Brown - Dark Hazel Colored 0 Power Contact Lenses for Eyes Men and Women with Lens Case Monthly (0 - ...,249,src/main/resources/data/images/miscellaneous/Lenses46.png
Diamond Eye 1 Pair Hazel Color eye contact lens Zero Power Monthly Color Contact Lenses with Free Lens Case/Container Kit,179,src/main/resources/data/images/miscellaneous/Lenses47.png
Monthly Disposable Cosmetic Black Colored Contact Lens With 30 ml. Solution & Lens Case (Mid Night Black),189,src/main/resources/data/images/miscellaneous/Lenses48.png
AquaColor Spicy Grey Candy Pack - Zero Power Color Contact Lens Dailies (2 Lens/Box),160,src/main/resources/data/images/miscellaneous/Lenses49.png
Color Style Eye Blue Colour Monthly Contact Lens 1 Pair with Storage Case Solution Zero power for party special,99,src/main/resources/data/images/miscellaneous/Lenses50.png
PAC IRIS Premium Contact Lenses - Silver Ash (1 Pair),198,src/main/resources/data/images/miscellaneous/Lenses51.png
Soft Eye Monthly Color Contact Lenses Zero Power Combo Pack of 2 Pair Grey Pure Hazel and Light Grey Color with Container ...,219,src/main/resources/data/images/miscellaneous/Lenses52.png
EYA Monthly Disposable Contact Lenses Brown Color,99,src/main/resources/data/images/miscellaneous/Lenses53.png
Diamond Eye 3-pair-monthly-colored blue -grey & hazel contact-lens-for-eyes,279,src/main/resources/data/images/miscellaneous/Lenses54.png
Diamond Eye Monthly Disposable Hazel - Brown Colored Contact Lenses - (0 - Pack of 2),219,src/main/resources/data/images/miscellaneous/Lenses55.png
Sonya Lens Colored Contact Lenses (4 pair lens per box) Elegant - GREEN - DARK BLUE - TURQUOISE & GRAY,299,src/main/resources/data/images/miscellaneous/Lenses56.png
Sonya Lens Colored Contact Lenses (2 pair lens per box) Elegant- GRAY & GREEN,230,src/main/resources/data/images/miscellaneous/Lenses57.png
Sonya Lens Coloured Contact Lenses (3 pair lens per box) Elegant - HAZEL -SKY BLUE & VIOLET,249,src/main/resources/data/images/miscellaneous/Lenses58.png
Sonya Lens Colored Contact Lenses (2 pair lens per box) Elegant- GREEN & TURQUOISE,230,src/main/resources/data/images/miscellaneous/Lenses59.png
