Hisense 139 cm (55 inches) 4K Ultra HD Smart IPS QLED TV 55U7H (Black),54990,/run/media/krishnaraj/Programs/Java/How Much/src/main/resources/data/images/technology/Televisions0.png
iFFALCON 80 cm (32 inches) HD Ready Smart LED TV 32F53 (Black),9999,/run/media/krishnaraj/Programs/Java/How Much/src/main/resources/data/images/technology/Televisions1.png
Hisense 108 cm (43 inches) 4K Ultra HD Smart Certified Android LED TV 43A6GE (Black),20990,/run/media/krishnaraj/Programs/Java/How Much/src/main/resources/data/images/technology/Televisions2.png
OnePlus 126 cm (50 inches) Y Series 4K Ultra HD Smart Android LED TV 50Y1S Pro (Black),32999,/run/media/krishnaraj/Programs/Java/How Much/src/main/resources/data/images/technology/Televisions3.png
Samsung 108 cm (43 inches) Crystal 4K Neo Series Ultra HD Smart LED TV UA43AUE65AKXXL (Black),31990,/run/media/krishnaraj/Programs/Java/How Much/src/main/resources/data/images/technology/Televisions4.png
MI 80 cm (32 inches) 5A Series HD Ready Smart Android LED TV L32M7-5AIN (Black),13999,/run/media/krishnaraj/Programs/Java/How Much/src/main/resources/data/images/technology/Televisions5.png
VW 80 cm (32 inches) HD Ready Android Smart LED TV VW32S (Black),7999,/run/media/krishnaraj/Programs/Java/How Much/src/main/resources/data/images/technology/Televisions6.png
LG 80 cm (32 inches) HD Ready Smart LED TV 32LM563BPTC (Dark Iron Gray),13990,/run/media/krishnaraj/Programs/Java/How Much/src/main/resources/data/images/technology/Televisions7.png
Samsung 138 cm (55 inches) Crystal 4K Neo Series Ultra HD Smart LED TV UA55AUE65AKXXL (Black),47990,/run/media/krishnaraj/Programs/Java/How Much/src/main/resources/data/images/technology/Televisions8.png
OnePlus 80 cm (32 inches) Y Series HD Ready LED Smart Android TV 32Y1 (Black),14975,/run/media/krishnaraj/Programs/Java/How Much/src/main/resources/data/images/technology/Televisions9.png
Samsung Galaxy M53 5G (Mystique Green - 8GB - 128GB Storage) | 108MP | sAmoled+ 120Hz | 16GB RAM with RAM Plu...,26999,/run/media/krishnaraj/Programs/Java/How Much/src/main/resources/data/images/technology/Mobile Phones0.png
iQOO Z6 Lite 5G (Stellar Green - 6GB RAM - 128GB Storage) | World's First Snapdragon 4 Gen 1 | Best in-Segmen...,15499,/run/media/krishnaraj/Programs/Java/How Much/src/main/resources/data/images/technology/Mobile Phones1.png
OnePlus Nord CE 2 Lite 5G (Blue Tide - 6GB RAM - 128GB Storage),18999,/run/media/krishnaraj/Programs/Java/How Much/src/main/resources/data/images/technology/Mobile Phones2.png
Samsung Galaxy M13 (Aqua Green - 6GB - 128GB Storage) | 6000mAh Battery | Upto 12GB RAM with RAM Plus,11699,/run/media/krishnaraj/Programs/Java/How Much/src/main/resources/data/images/technology/Mobile Phones3.png
Samsung Galaxy M13 (Aqua Green - 4GB - 64GB Storage) | 6000mAh Battery | Upto 8GB RAM with RAM Plus,9699,/run/media/krishnaraj/Programs/Java/How Much/src/main/resources/data/images/technology/Mobile Phones4.png
Redmi 9 Activ (Carbon Black - 4GB RAM - 64GB Storage) | Octa-core Helio G35 | 5000 mAh Battery,7999,/run/media/krishnaraj/Programs/Java/How Much/src/main/resources/data/images/technology/Mobile Phones5.png
Samsung Galaxy M13 (Midnight Blue - 4GB - 64GB Storage) | 6000mAh Battery | Upto 8GB RAM with RAM Plus,9699,/run/media/krishnaraj/Programs/Java/How Much/src/main/resources/data/images/technology/Mobile Phones6.png
OnePlus Nord 2T 5G (Jade Fog - 8GB RAM - 128GB Storage),28999,/run/media/krishnaraj/Programs/Java/How Much/src/main/resources/data/images/technology/Mobile Phones7.png
OPPO A74 5G (Fantastic Purple -6GB RAM -128GB Storage) with No Cost EMI/Additional Exchange Offers,15490,/run/media/krishnaraj/Programs/Java/How Much/src/main/resources/data/images/technology/Mobile Phones8.png
Redmi A1 (Light Blue - 2GB RAM - 32GB Storage) | Segment Best AI Dual Cam | 5000mAh Battery | Leather Texture Design | Andro...,6199,/run/media/krishnaraj/Programs/Java/How Much/src/main/resources/data/images/technology/Mobile Phones9.png
Lenovo IdeaPad 3 11th Gen Intel Core i3 15.6"" FHD Thin & Light Laptop(8GB/512GB SSD/Windows 11/Office 2021/...,38490,/run/media/krishnaraj/Programs/Java/How Much/src/main/resources/data/images/technology/Laptops0.png
Lenovo IdeaPad Slim 1 AMD Ryzen 3 3250U 15.6"" (39.62cm) FHD Thin & Light Laptop (8GB/512GB SSD/Windows 11/O...,31017,/run/media/krishnaraj/Programs/Java/How Much/src/main/resources/data/images/technology/Laptops1.png
HP 14s - 11th Gen Intel Core i3-1115G4 - 8GB RAM/256GB SSD 14-inch(35.6 cm) Micro-Edge - Anti-Glare - FHD Laptop/Alexa Built-i...,36990,/run/media/krishnaraj/Programs/Java/How Much/src/main/resources/data/images/technology/Laptops2.png
HP 15s -11th Gen Intel Core i3-1115G4 8GB RAM/512GB SSD 15.6-inch(39.6 cm) Micro-Edge Anti-Glare FHD Laptop/Alexa Built-in/...,43490,/run/media/krishnaraj/Programs/Java/How Much/src/main/resources/data/images/technology/Laptops3.png
Lenovo IdeaPad Slim 1 AMD Ryzen 3 3250U 15.6"" (39.62cm) FHD Thin & Light Laptop (8GB/512GB SSD/Windows 11/Office 2021/3mon...,31017,/run/media/krishnaraj/Programs/Java/How Much/src/main/resources/data/images/technology/Laptops4.png
HP Pavilion Plus - 12th Gen Intel Core i7 16GB RAM/1TB SSD 14 inch(35.6 cm) -OLED -400 nits -UWVA - Eye Safe Laptop/Intel Iris ...,95546,/run/media/krishnaraj/Programs/Java/How Much/src/main/resources/data/images/technology/Laptops5.png
Honor MagicBook 14 - AMD Ryzen 5 5500U 14-inch (35.56 cm) FHD IPS Anti-Glare Thin and Light Laptop (16GB/512GB PCIe SSD/Win...,44990,/run/media/krishnaraj/Programs/Java/How Much/src/main/resources/data/images/technology/Laptops6.png
Lenovo IdeaPad Slim 1 AMD Ryzen 5 3500U 15.6"" (39.62cm) FHD Thin & Light Laptop (8GB/512GB SSD/Windows 11/Office 2021/3mon...,39029,/run/media/krishnaraj/Programs/Java/How Much/src/main/resources/data/images/technology/Laptops7.png
Acer Extensa 15 Lightweight Laptop 11th Gen Intel Core i3 Processor with 15.6"" (39.6 cms) Full HD Display- (8 GB RAM/256GB...,32890,/run/media/krishnaraj/Programs/Java/How Much/src/main/resources/data/images/technology/Laptops8.png
HP 15s - 12th Gen Intel Core i5 8GB RAM/512GB SSD 15.6-inch(39.6 cm) Micro-Edge Anti-Glare FHD Laptop/Intel Iris Xe Graphic...,56999,/run/media/krishnaraj/Programs/Java/How Much/src/main/resources/data/images/technology/Laptops9.png
Apple iPhone 12 (128GB) - Blue,57900,/run/media/krishnaraj/Programs/Java/How Much/src/main/resources/data/images/technology/Iphone0.png
Apple iPhone 13 (128GB) - Pink,64999,/run/media/krishnaraj/Programs/Java/How Much/src/main/resources/data/images/technology/Iphone1.png
Apple iPhone 12 (64GB) - Blue,55999,/run/media/krishnaraj/Programs/Java/How Much/src/main/resources/data/images/technology/Iphone2.png
Apple iPhone 12 (128GB) - Blue,57900,/run/media/krishnaraj/Programs/Java/How Much/src/main/resources/data/images/technology/Iphone3.png
Apple iPhone 14 128GB Starlight,79900,/run/media/krishnaraj/Programs/Java/How Much/src/main/resources/data/images/technology/Iphone4.png
Apple iPhone 12 (128GB) - White,57900,/run/media/krishnaraj/Programs/Java/How Much/src/main/resources/data/images/technology/Iphone5.png
Apple iPhone 14 Plus 256GB Purple,98490,/run/media/krishnaraj/Programs/Java/How Much/src/main/resources/data/images/technology/Iphone6.png
Apple iPhone 14 Pro Max 256GB Space Black,149900,/run/media/krishnaraj/Programs/Java/How Much/src/main/resources/data/images/technology/Iphone7.png
Apple iPhone 12 (128GB) - Green,60990,/run/media/krishnaraj/Programs/Java/How Much/src/main/resources/data/images/technology/Iphone8.png
Apple iPhone 13 (128GB) - Pink,64999,/run/media/krishnaraj/Programs/Java/How Much/src/main/resources/data/images/technology/Iphone9.png
2020 Apple MacBook Air Laptop: Apple M1 chip - 13.3-inch/33.74 cm Retina Display - 8GB RAM - 256GB SSD Storag...,88990,/run/media/krishnaraj/Programs/Java/How Much/src/main/resources/data/images/technology/Macbook0.png
2022 Apple MacBook Air Laptop with M2 chip: 34.46 cm (13.6-inch) Liquid Retina Display - 8GB RAM - 256GB SSD ...,111490,/run/media/krishnaraj/Programs/Java/How Much/src/main/resources/data/images/technology/Macbook1.png
2020 Apple MacBook Air Laptop: Apple M1 chip - 13.3-inch/33.74 cm Retina Display - 8GB RAM - 256GB SSD Storage - Backlit Keybo...,88490,/run/media/krishnaraj/Programs/Java/How Much/src/main/resources/data/images/technology/Macbook2.png
2020 Apple MacBook Air Laptop: Apple M1 chip - 13.3-inch/33.74 cm Retina Display - 8GB RAM - 256GB SSD Storage - Backlit Keybo...,88490,/run/media/krishnaraj/Programs/Java/How Much/src/main/resources/data/images/technology/Macbook3.png
2022 Apple MacBook Air Laptop with M2 chip: 34.46 cm (13.6-inch) Liquid Retina Display - 8GB RAM - 256GB SSD Storage - Backli...,111490,/run/media/krishnaraj/Programs/Java/How Much/src/main/resources/data/images/technology/Macbook4.png
2022 Apple MacBook Air Laptop with M2 chip: 34.46 cm (13.6-inch) Liquid Retina Display - 8GB RAM - 256GB SSD Storage - Backli...,111507,/run/media/krishnaraj/Programs/Java/How Much/src/main/resources/data/images/technology/Macbook5.png
2020 Apple MacBook Air Laptop: Apple M1 chip - 13.3-inch/33.74 cm Retina Display - 8GB RAM - 256GB SSD Storage - Backlit Keybo...,88990,/run/media/krishnaraj/Programs/Java/How Much/src/main/resources/data/images/technology/Macbook6.png
2022 Apple MacBook Air Laptop with M2 chip: 34.46 cm (13.6-inch) Liquid Retina Display - 8GB RAM - 512GB SSD Storage - Backli...,139390,/run/media/krishnaraj/Programs/Java/How Much/src/main/resources/data/images/technology/Macbook7.png
2022 Apple MacBook Air Laptop with M2 chip: 34.46 cm (13.6-inch) Liquid Retina Display - 8GB RAM - 512GB SSD Storage - Backli...,139990,/run/media/krishnaraj/Programs/Java/How Much/src/main/resources/data/images/technology/Macbook8.png
2021 Apple MacBook Pro (16-inch/41.05 cm - Apple M1 Pro chip with 10‑core CPU and 16‑core GPU - 16GB RAM - 1TB SSD) - Space Grey,233990,/run/media/krishnaraj/Programs/Java/How Much/src/main/resources/data/images/technology/Macbook9.png
Samsung 198 L 4 Star Inverter Direct cool Single Door Refrigerator(RR21A2F2XNV/HL - Base Stand with Drawer - ...,16490,/run/media/krishnaraj/Programs/Java/How Much/src/main/resources/data/images/technology/Refrigerators0.png
AmazonBasics 564 L Inverter Frost-Free Side-by-Side Refrigerator with Water Dispenser (2022 - Auto Defrost - ...,53990,/run/media/krishnaraj/Programs/Java/How Much/src/main/resources/data/images/technology/Refrigerators1.png
Samsung 192 L 2 Star Direct Cool Single Door Refrigerator (RR19A241BGS/NL - Grey Silver),13190,/run/media/krishnaraj/Programs/Java/How Much/src/main/resources/data/images/technology/Refrigerators2.png
Samsung 253L 3 Star Inverter Frost Free Double Door Refrigerator (RT28T3743S8/HL - Silver - Elegant Inox - Convertible),26290,/run/media/krishnaraj/Programs/Java/How Much/src/main/resources/data/images/technology/Refrigerators3.png
Samsung 700 L with Inverter Side-by-Side Refrigerator (RS72R50112C/TL - Black),94000,/run/media/krishnaraj/Programs/Java/How Much/src/main/resources/data/images/technology/Refrigerators4.png
Samsung 198 L 4 Star Inverter Direct-Cool Single Door Refrigerator (RR21T2H2XCR/HL - Camellia Purple - Base Stand with Drawer),16490,/run/media/krishnaraj/Programs/Java/How Much/src/main/resources/data/images/technology/Refrigerators5.png
Godrej 185 L 2 Star Direct Cool Single Door Refrigerator (RD EDGE 200B 23 WRF PP BL - Pep Blue - Large Vegetable Tray),12190,/run/media/krishnaraj/Programs/Java/How Much/src/main/resources/data/images/technology/Refrigerators6.png
Godrej 236 L 2 Star Inverter Frost-Free Double Door Refrigerator with Jumbo Vegetable Tray (RF EON 236B 25 HI SI ST - Stain...,18990,/run/media/krishnaraj/Programs/Java/How Much/src/main/resources/data/images/technology/Refrigerators7.png
Whirlpool 190 L 3 Star Direct-Cool Single Door Refrigerator (WDE 205 CLS 3S - Blue),13990,/run/media/krishnaraj/Programs/Java/How Much/src/main/resources/data/images/technology/Refrigerators8.png
LG 260L 3 Star Smart Inverter Frost-Free Double Door Refrigerator (GL-I292RPZX - Shiny Steel - Door Cooling+),25990,/run/media/krishnaraj/Programs/Java/How Much/src/main/resources/data/images/technology/Refrigerators9.png
Electrolux 9kg 5 Star 40°C Vapour Wash EcoInverter Fully Automatic Front Load Washing Machine - Scandinavian...,47490,/run/media/krishnaraj/Programs/Java/How Much/src/main/resources/data/images/technology/Washing Machines0.png
Electrolux 8kg 5 Star UltraMix with 40°C Vapour Wash EcoInverter Fully Automatic Front Load Washing Machin...,45990,/run/media/krishnaraj/Programs/Java/How Much/src/main/resources/data/images/technology/Washing Machines1.png
Samsung 6.5 kg Fully-Automatic Top Loading Washing Machine (WA65A4002VS/TL - Imperial Silver - Diamond Drum),14590,/run/media/krishnaraj/Programs/Java/How Much/src/main/resources/data/images/technology/Washing Machines2.png
Whirlpool 6 Kg 5 Star Royal Fully-Automatic Top Loading Washing Machine (WHITEMAGIC ROYAL 6.0 GENX - Satin Grey - Hard Water...,14900,/run/media/krishnaraj/Programs/Java/How Much/src/main/resources/data/images/technology/Washing Machines3.png
Samsung 6.0 Kg Inverter 5 Star Fully-Automatic Front Loading Washing Machine (WW60R20GLMA/TL - White - Hygiene Steam),22490,/run/media/krishnaraj/Programs/Java/How Much/src/main/resources/data/images/technology/Washing Machines4.png
LG 7 Kg 5 Star Semi-Automatic Top Loading Washing Machine (P7020NGAZ - Dark Gray - Wind Jet Dry),11490,/run/media/krishnaraj/Programs/Java/How Much/src/main/resources/data/images/technology/Washing Machines5.png
Whirlpool 7 Kg 5 Star Royal Fully-Automatic Top Loading Washing Machine (WHITEMAGIC ROYAL 7.0 GENX - Grey - Hard Water Wash),16740,/run/media/krishnaraj/Programs/Java/How Much/src/main/resources/data/images/technology/Washing Machines6.png
White Westinghouse 6 kg Semi Automatic Top loading washing machine ( CSW6000N - Grey ),6999,/run/media/krishnaraj/Programs/Java/How Much/src/main/resources/data/images/technology/Washing Machines7.png
LG 6.5 Kg 5 Star Smart Inverter Fully-Automatic Top Loading Washing Machine (T65SKSF4Z - Middle Free Silver),16990,/run/media/krishnaraj/Programs/Java/How Much/src/main/resources/data/images/technology/Washing Machines8.png
LG 7 kg 5 Star Inverter Fully-Automatic Top Loading Washing Machine (‎T70SKSF1Z - Middle Free Silver - TurboDrum),18490,/run/media/krishnaraj/Programs/Java/How Much/src/main/resources/data/images/technology/Washing Machines9.png
Noise Pulse Go Buzz Smart Watch Bluetooth Calling with 1.69"" Display - 550 NITS - 150+ Cloud Watch Face - SPo...,2199,/run/media/krishnaraj/Programs/Java/How Much/src/main/resources/data/images/technology/Smart Watches0.png
Fitbit Sense 2 Health & Fitness Watch (Blue Mist / Soft Gold Aluminium) with 6-Month Premium Membership,24999,/run/media/krishnaraj/Programs/Java/How Much/src/main/resources/data/images/technology/Smart Watches1.png
boAt Wave Call Smart Watch - Smart Talk with Advanced Dedicated Bluetooth Calling Chip - 1.69” HD Display with 550 NITS & 7...,1999,/run/media/krishnaraj/Programs/Java/How Much/src/main/resources/data/images/technology/Smart Watches2.png
Fire-Boltt Phoenix Smart Watch with Bluetooth Calling 1.3"" -120+ Sports Modes - 240*240 PX High Res with SpO2 - Heart Rate Mo...,1999,/run/media/krishnaraj/Programs/Java/How Much/src/main/resources/data/images/technology/Smart Watches3.png
boAt Wave Lite Smartwatch with 1.69"" HD Display - Sleek Metal Body - HR & SpO2 Level Monitor - 140+ Watch Faces - Activity Tra...,1799,/run/media/krishnaraj/Programs/Java/How Much/src/main/resources/data/images/technology/Smart Watches4.png
boAt Xtend Smartwatch with Alexa Built-in - 1.69” HD Display - Multiple Watch Faces - Stress Monitor - Heart & SpO2 Monitorin...,2799,/run/media/krishnaraj/Programs/Java/How Much/src/main/resources/data/images/technology/Smart Watches5.png
Noise ColorFit Pulse Grand Smart Watch with 1.69""(4.29cm) HD Display - 60 Sports Modes - 150 Watch Faces - Fast Charge - Spo2 -...,1799,/run/media/krishnaraj/Programs/Java/How Much/src/main/resources/data/images/technology/Smart Watches6.png
Noise Pulse Go Buzz Smart Watch Bluetooth Calling with 1.69"" Display - 550 NITS - 150+ Cloud Watch Face - SPo2 - Heart Rate Tr...,1999,/run/media/krishnaraj/Programs/Java/How Much/src/main/resources/data/images/technology/Smart Watches7.png
Fire-Boltt Ring 3 Smart Watch 1.8 Biggest Display with Advanced Bluetooth Calling Chip - Voice Assistance -118 Sports Modes -...,2999,/run/media/krishnaraj/Programs/Java/How Much/src/main/resources/data/images/technology/Smart Watches8.png
Fire-Boltt Visionary 1.78"" AMOLED Bluetooth Calling Smartwatch with 368*448 Pixel Resolution 100+ Sports Mode - TWS Connect...,3999,/run/media/krishnaraj/Programs/Java/How Much/src/main/resources/data/images/technology/Smart Watches9.png
Lenovo IdeaPad Gaming 3 Intel Core i5 11th Gen 15.6"" (39.62cm) FHD IPS Gaming Laptop (8GB/512GB SSD/4GB NVI...,53026,/run/media/krishnaraj/Programs/Java/How Much/src/main/resources/data/images/technology/Gaming Laptops0.png
Lenovo IdeaPad Gaming 3 Intel Core i5 11th Gen 15.6"" (39.62cm) FHD IPS Gaming Laptop (16GB/512GB SDD/4GB NV...,66490,/run/media/krishnaraj/Programs/Java/How Much/src/main/resources/data/images/technology/Gaming Laptops1.png
ASUS TUF Gaming A15 - 15.6-inch (39.62 cms) FHD 144Hz - AMD Ryzen 5 4600H - 4GB NVIDIA GeForce GTX 1650 - Gaming Laptop (8GB/5...,54990,/run/media/krishnaraj/Programs/Java/How Much/src/main/resources/data/images/technology/Gaming Laptops2.png
Lenovo IdeaPad Gaming 3 Intel Core i5 11th Gen 15.6"" (39.62cm) FHD IPS Gaming Laptop (8GB/512GB SSD/4GB NVIDIA GTX 1650/12...,53026,/run/media/krishnaraj/Programs/Java/How Much/src/main/resources/data/images/technology/Gaming Laptops3.png
MSI Gaming GF63 Thin - Intel 11th Gen. i7-11800H - 40CM FHD 144Hz Gaming Laptop (8GB/512GB NVMe SSD/Windows 10 Home/Nvidia G...,59990,/run/media/krishnaraj/Programs/Java/How Much/src/main/resources/data/images/technology/Gaming Laptops4.png
Lenovo Ideapad Gaming 3 AMD Ryzen 5 5600H 15.6"" (39.62cm) FHD IPS Gaming Laptop (8GB/512GB SSD/4GB NVIDIA GTX 1650/120Hz/W...,57490,/run/media/krishnaraj/Programs/Java/How Much/src/main/resources/data/images/technology/Gaming Laptops5.png
ASUS TUF Gaming A15 - 15.6-inch (39.62 cms) FHD 144Hz - AMD Ryzen 5 4600H - 4GB NVIDIA GeForce GTX 1650 - Gaming Laptop (8GB/5...,55990,/run/media/krishnaraj/Programs/Java/How Much/src/main/resources/data/images/technology/Gaming Laptops6.png
MSI Gaming GF63 Thin - Intel 11th Gen. i5-11400H - 40CM FHD 144Hz Gaming Laptop (8GB/512GB NVMe SSD/Windows 11 Home/Nvidia G...,50990,/run/media/krishnaraj/Programs/Java/How Much/src/main/resources/data/images/technology/Gaming Laptops7.png
Acer Nitro 5 Gaming Laptop Intel Core i5-11400H 11th Gen Processor (16GB/512GB SSD/ NVIDIA GeForce GTX 1650 4GB GDDR6 Grap...,59990,/run/media/krishnaraj/Programs/Java/How Much/src/main/resources/data/images/technology/Gaming Laptops8.png
MSI GF63 Thin - Intel 10th Gen. i5-10500H - 40CM FHD 144Hz Gaming Laptop (8GB/512GB NVMe SSD/Windows 11 Home/Nvidia GTX1650 ...,49990,/run/media/krishnaraj/Programs/Java/How Much/src/main/resources/data/images/technology/Gaming Laptops9.png
TECHBLAZE RGB Gaming Headphone Stand Desktop Display Headset Holder with 2 USB Charging Port Anti Slip Base...,1649,/run/media/krishnaraj/Programs/Java/How Much/src/main/resources/data/images/technology/Computer Accessories0.png
Desk Pad - Freeboot Desk Mat Blotter for Laptop Large Extended Mouse Pad for Office Table Mat - Office Acces...,549,/run/media/krishnaraj/Programs/Java/How Much/src/main/resources/data/images/technology/Computer Accessories1.png
STRIFF Adjustable Laptop Stand Patented Riser Ventilated Portable Foldable Compatible with MacBook Notebook Tablet Tray De...,389,/run/media/krishnaraj/Programs/Java/How Much/src/main/resources/data/images/technology/Computer Accessories2.png
Zebronics ZEB-90HB USB Hub - 4 Ports - Pocket Sized - Plug & Play - for Laptop & Computers,179,/run/media/krishnaraj/Programs/Java/How Much/src/main/resources/data/images/technology/Computer Accessories3.png
Gizga Essentials Laptop Bag Sleeve Case Cover Pouch for 15.6 Inch Laptop for Men & Women - Padded Laptop Compartment - Free ...,349,/run/media/krishnaraj/Programs/Java/How Much/src/main/resources/data/images/technology/Computer Accessories4.png
TP-Link USB Bluetooth Adapter for PC 4.0 Bluetooth Dongle Receiver Support Windows 11/10/8.1/8/7 for Desktop - Laptop - Mous...,449,/run/media/krishnaraj/Programs/Java/How Much/src/main/resources/data/images/technology/Computer Accessories5.png
Logitech B170 Wireless Mouse - 2.4 GHz with USB Nano Receiver - Optical Tracking - 12-Months Battery Life - Ambidextrous - PC/M...,599,/run/media/krishnaraj/Programs/Java/How Much/src/main/resources/data/images/technology/Computer Accessories6.png
Redgear Cloak Wired RGB Wired Over Ear Gaming Headphones with Mic for PC,699,/run/media/krishnaraj/Programs/Java/How Much/src/main/resources/data/images/technology/Computer Accessories7.png
ELV Desktop Cell Phone Stand Tablet Stand - Aluminum Stand Holder for Mobile Phone and Tablet (Up to 10.1 inch) - Silver,134,/run/media/krishnaraj/Programs/Java/How Much/src/main/resources/data/images/technology/Computer Accessories8.png
Zebronics Zeb Wonderbar 10 USB Powered 2.0 Computer Speaker with RGB Lights,999,/run/media/krishnaraj/Programs/Java/How Much/src/main/resources/data/images/technology/Computer Accessories9.png
GIGABYTE GeForce GTX 1650 OC 4 GB GDDR5 pci_e Graphic Card (GV-N1650OC-4GD),15999,/run/media/krishnaraj/Programs/Java/How Much/src/main/resources/data/images/technology/GPUs0.png
ASUS pci_e_x8 GeForce GT 730 2GB GDDR5 Low Profile Graphics Card for Silent HTPC Build (with I/O Port Brackets),3930,/run/media/krishnaraj/Programs/Java/How Much/src/main/resources/data/images/technology/GPUs1.png
Brand New Video Card RX 580 8GB AMD Radeon 256Bit 2048SP GDDR5 GPU RX580 8G Graphics Cards,11999,/run/media/krishnaraj/Programs/Java/How Much/src/main/resources/data/images/technology/GPUs2.png
Colorful GeForce GTX 1650 NB 4GB GDDR5 Twin Fan 128-bit Compact Gaming Graphics Card,15999,/run/media/krishnaraj/Programs/Java/How Much/src/main/resources/data/images/technology/GPUs3.png
ASUS Dual AMD Radeon RX 6400 4GB GDDR6 Gaming Graphics Card (AMD RDNA 2 - PCIe 4.0 - 4GB - pci_e_x16 GDDR6 Memory - HDMI 2.1 - ...,14065,/run/media/krishnaraj/Programs/Java/How Much/src/main/resources/data/images/technology/GPUs4.png
Colorful iGame ARGB GPU Support Bracket with Magnetic Base Symphony Frame,1999,/run/media/krishnaraj/Programs/Java/How Much/src/main/resources/data/images/technology/GPUs5.png
ASUS ROG Strix NVIDIA GeForce RTX 3060 V2 OC Edition Gaming Graphics Card pci_e_x16  - 12GB GDDR6 - HDMI 2.1 - DisplayPort 1....,43999,/run/media/krishnaraj/Programs/Java/How Much/src/main/resources/data/images/technology/GPUs6.png
Zotac Gaming Geforce GTX 1650 OC 4GB GDDR6 Memory Graphics Card (pci_e),17249,/run/media/krishnaraj/Programs/Java/How Much/src/main/resources/data/images/technology/GPUs7.png
ASUS Dual Radeon RX 6600 8 GB GDDR6 RAM PCIe 4.0 Dual Fans Desktop Graphic Card - pci_e_x16,24950,/run/media/krishnaraj/Programs/Java/How Much/src/main/resources/data/images/technology/GPUs8.png
Colorful GeForce GT 730 4GB GDDR3 RAM VRAM Pci_e_x16 Graphics Card with 3 Years Warranty 384 CUDA Core 64bit 667 Clock Spe...,6100,/run/media/krishnaraj/Programs/Java/How Much/src/main/resources/data/images/technology/GPUs9.png
Lenovo Tab P11 Plus Tablet (11 inch (27.94 cm) - 6 GB - 128 GB - Wi-Fi+LTE - Voice Calling) - Slate Grey with 2K...,26499,/run/media/krishnaraj/Programs/Java/How Much/src/main/resources/data/images/technology/Tablets0.png
I KALL N7 WiFi Tablet (7"" Display - 2GB - 16GB - Only WiFi Support - Android 8.1) (White),3499,/run/media/krishnaraj/Programs/Java/How Much/src/main/resources/data/images/technology/Tablets1.png
Xiaomi MI Pad 5 Snapdragon 860 2.5K Resolution - 120Hz Refresh Rate - Dci-P3 - 27.81Cm Dolby Vision Display 6Gb Ram 128Gb Sto...,26999,/run/media/krishnaraj/Programs/Java/How Much/src/main/resources/data/images/technology/Tablets2.png
Samsung Galaxy Tab A8 26.69cm (10.5 inch) Display - RAM 4 GB - ROM 64 GB Expandable - Wi-Fi Tablet - Gray - (SM-X200NZAEINU),16999,/run/media/krishnaraj/Programs/Java/How Much/src/main/resources/data/images/technology/Tablets3.png
Apple 2021 10.2-inch (25.91 cm) iPad with A13 Bionic chip (Wi-Fi - 64GB) - Space Grey (9th Generation),29990,/run/media/krishnaraj/Programs/Java/How Much/src/main/resources/data/images/technology/Tablets4.png
Samsung Galaxy Tab A8 10.5 inches Display - RAM 3 GB - ROM 32 GB Expandable - Wi-Fi Tablets - Gray - (SM-X200NZAAINU),14999,/run/media/krishnaraj/Programs/Java/How Much/src/main/resources/data/images/technology/Tablets5.png
Lenovo Tab M10 FHD Plus (3rd Gen) (10.61 inch (26.94 cm) - 6 GB - 128 GB - Wi-Fi+LTE - Calling) - Storm Grey with Qualcomm Snap...,20599,/run/media/krishnaraj/Programs/Java/How Much/src/main/resources/data/images/technology/Tablets6.png
Nokia T20 Tab with 10.36 Inch(26cm) 2K Screen - Low Blue Light - Wi-Fi - 8200mAh Battery - Android 11 with 2 Years of OS Upgra...,14799,/run/media/krishnaraj/Programs/Java/How Much/src/main/resources/data/images/technology/Tablets7.png
Lenovo Tab P11 Plus Tablet (11 inch (27.94 cm) - 6 GB - 128 GB - Wi-Fi+LTE - Voice Calling) - Slate Grey with 2K Display - Quad ...,26499,/run/media/krishnaraj/Programs/Java/How Much/src/main/resources/data/images/technology/Tablets8.png
Xiaomi Pad 5| Qualcomm Snapdragon 860| 120Hz Refresh Rate| 6GB - 256GB| 2.5K+ Display (10.95-inch/27.81cm)|1 Billion Colour...,28998,/run/media/krishnaraj/Programs/Java/How Much/src/main/resources/data/images/technology/Tablets9.png
PlayStation Wallet Top Up INR 670 (PS4),670,/run/media/krishnaraj/Programs/Java/How Much/src/main/resources/data/images/technology/Playstation0.png
Rs.5000 Sony PlayStation Store Gift Card (Email Delivery in 1 hour- Digital Voucher Code),5000,/run/media/krishnaraj/Programs/Java/How Much/src/main/resources/data/images/technology/Playstation1.png
Sony Dualshock 4 Wireless Controller for PlayStation 4 (Midnight Blue),4299,/run/media/krishnaraj/Programs/Java/How Much/src/main/resources/data/images/technology/Playstation2.png
Rs.5800 Sony PlayStation Store Gift Card (Email Delivery in 1 hour- Digital Voucher Code),5800,/run/media/krishnaraj/Programs/Java/How Much/src/main/resources/data/images/technology/Playstation3.png
PlayStationVR Mega3 with game Voucher inside the box,28999,/run/media/krishnaraj/Programs/Java/How Much/src/main/resources/data/images/technology/Playstation4.png
Rs.1000 Sony PlayStation Network Wallet Top-Up (Email Delivery in 1 hour- Digital Voucher Code),1000,/run/media/krishnaraj/Programs/Java/How Much/src/main/resources/data/images/technology/Playstation5.png
Rs.4000 Sony PlayStation Network Wallet Top-Up (Email Delivery in 1 hour- Digital Voucher Code),4000,/run/media/krishnaraj/Programs/Java/How Much/src/main/resources/data/images/technology/Playstation6.png
PS5 God of War: Ragnarok Collector's Edition,13499,/run/media/krishnaraj/Programs/Java/How Much/src/main/resources/data/images/technology/Playstation7.png
Rs.1200 Sony PlayStation Store Gift Card (Email Delivery in 1 hour- Digital Voucher Code),1200,/run/media/krishnaraj/Programs/Java/How Much/src/main/resources/data/images/technology/Playstation8.png
PlayStation -PS4 WALLET TOP- UP 2000 IND (PS4),2000,/run/media/krishnaraj/Programs/Java/How Much/src/main/resources/data/images/technology/Playstation9.png
Xbox Series X,54990,/run/media/krishnaraj/Programs/Java/How Much/src/main/resources/data/images/technology/Xbox0.png
Xbox Series S,29990,/run/media/krishnaraj/Programs/Java/How Much/src/main/resources/data/images/technology/Xbox1.png
Microsoft XBOX one X 1 TB with Fallout 76 bundle,39999,/run/media/krishnaraj/Programs/Java/How Much/src/main/resources/data/images/technology/Xbox2.png
PowerA Wired Gaming Controller for Xbox Series X/S - Xbox One - PC - Windows 10/11 - White (Officially Licensed),2749,/run/media/krishnaraj/Programs/Java/How Much/src/main/resources/data/images/technology/Xbox3.png
Microsoft Xbox Series X/S Wireless Controller Carbon Black,5199,/run/media/krishnaraj/Programs/Java/How Much/src/main/resources/data/images/technology/Xbox4.png
Xbox Game Pass Ultimate: 1 Month Membership (Gift Card Code Only),1149,/run/media/krishnaraj/Programs/Java/How Much/src/main/resources/data/images/technology/Xbox5.png
Xbox Game Pass Ultimate: 3 Months Membership (Gift Card Code Only),2810,/run/media/krishnaraj/Programs/Java/How Much/src/main/resources/data/images/technology/Xbox6.png
TCOS TECH Xbox One Controller Silicone Cover Anti Slip Cover Case Skin Protector for Microsoft Xbox One Controller with 2 ...,449,/run/media/krishnaraj/Programs/Java/How Much/src/main/resources/data/images/technology/Xbox7.png
Microsoft Xbox X/S Wireless Controller Robot White,5199,/run/media/krishnaraj/Programs/Java/How Much/src/main/resources/data/images/technology/Xbox8.png
New World Silicone Cover Skin Case Protective Cover for Xbox Series X/S Controller -Black With Anti-Slip Surface- 2 Thumb ...,599,/run/media/krishnaraj/Programs/Java/How Much/src/main/resources/data/images/technology/Xbox9.png
