ECOLINE Clothing Eco-Friendly Men's 50/50 Blend Polo T-Shirt,643,src/main/resources/data/images/fashion/Mens TShirts0.png
AMERICAN CREW Men's Polo Collar Half Sleeve T-Shirt,699,src/main/resources/data/images/fashion/Mens TShirts1.png
Arvind Men's Striped Cotton Polo T-Shirts,759,src/main/resources/data/images/fashion/Mens TShirts3.png
Alan Jones Clothing Double Collar Men's Round Neck T-Shirt,449,src/main/resources/data/images/fashion/Mens TShirts4.png
Reebok Women's Relaxed T-Shirt,1309,src/main/resources/data/images/fashion/Mens TShirts5.png
RodZen Men's Cotton Half Sleeve Regular Fit Striped T-Shirt,449,src/main/resources/data/images/fashion/Mens TShirts6.png
Scott International Men's Cotton Regular Fit Solid Polo Neck T-Shirt,399,src/main/resources/data/images/fashion/Mens TShirts7.png
Van Heusen Men's Regular Fit Polo Shirt,579,src/main/resources/data/images/fashion/Mens TShirts8.png
Amazon Brand - Symactive Men's Regular Fit T-Shirt,319,src/main/resources/data/images/fashion/Mens TShirts9.png
LEOTUDE Regular Fit Half Sleeve Polo Men's T-Shirt,309,src/main/resources/data/images/fashion/Mens TShirts10.png
EYEBOGLER Men T-Shirt,308,src/main/resources/data/images/fashion/Mens TShirts11.png
AELOMART Men's T Shirt,497,src/main/resources/data/images/fashion/Mens TShirts12.png
Max Men's Polo T-Shirt Slim,359,src/main/resources/data/images/fashion/Mens TShirts13.png
Allen Solly Men Polo,648,src/main/resources/data/images/fashion/Mens TShirts14.png
Scott International Men's Regular Fit T-Shirt (Pack of 3),498,src/main/resources/data/images/fashion/Mens TShirts15.png
London Hills Printed Men's Round Neck Black T-Shirt,349,src/main/resources/data/images/fashion/Mens TShirts16.png
Alan Jones Clothing Men's Slim Fit Polo T-Shirt,465,src/main/resources/data/images/fashion/Mens TShirts17.png
fanideaz Mens Cotton Half Sleeve Striped Polo T Shirt with Collar,749,src/main/resources/data/images/fashion/Mens TShirts18.png
Jockey Men's Regular Fit Round Neck Half Sleeved T-Shirt,489,src/main/resources/data/images/fashion/Mens TShirts19.png
Arvind Men's Striped Cotton Polo T-Shirts,759,src/main/resources/data/images/fashion/Mens TShirts20.png
AELOMART Men's T Shirt-(Amt250105-P_Green),497,src/main/resources/data/images/fashion/Mens TShirts21.png
Deniklo Men Polo Shirt,509,src/main/resources/data/images/fashion/Mens TShirts22.png
Amazon Brand - House & Shields Men's Regular Fit Polo Shirt,379,src/main/resources/data/images/fashion/Mens TShirts23.png
Van Heusen Men T-Shirt - Ultra Soft - Crew Neck - Short Sleeve,599,src/main/resources/data/images/fashion/Mens TShirts24.png
Allen Solly Men's Regular Fit Polo,959,src/main/resources/data/images/fashion/Mens TShirts25.png
Amazon Brand - Symbol Men's Regular Fit T-Shirt,199,src/main/resources/data/images/fashion/Mens TShirts26.png
Urbano Fashion Men's Printed Full Sleeve Slim Fit Cotton T-Shirt,499,src/main/resources/data/images/fashion/Mens TShirts27.png
BLIVE Regular fit Solid Men's Henley Neck Full Sleeve Cotton Blend T Shirts,239,src/main/resources/data/images/fashion/Mens TShirts28.png
Van Heusen Athleisure Men's Regular fit T-Shirt (IHTS1LXD60044_Black S),599,src/main/resources/data/images/fashion/Mens TShirts29.png
Amazon Brand - Symbol Men's Regular T-Shirt,409,src/main/resources/data/images/fashion/Mens TShirts30.png
Amazon Brand - Symbol Men's Regular T-Shirt,519,src/main/resources/data/images/fashion/Mens TShirts31.png
Van Heusen Athleisure Men's Regular fit T-Shirt (IHTS1LXD60044_Black XL),599,src/main/resources/data/images/fashion/Mens TShirts32.png
fanideaz Mens Cotton Half Sleeve Striped Round Neck T Shirt,499,src/main/resources/data/images/fashion/Mens TShirts33.png
Amazon Brand - Symbol Men's Regular Polo Shirt,309,src/main/resources/data/images/fashion/Mens TShirts34.png
London Hills Men's Regular Fit T-Shirt,249,src/main/resources/data/images/fashion/Mens TShirts35.png
Levi's Men T-Shirt,494,src/main/resources/data/images/fashion/Mens TShirts36.png
U.S. POLO ASSN. Men's Striped Regular fit Polo (USTSH0919_White_L),1899,src/main/resources/data/images/fashion/Mens TShirts37.png
Van Heusen Men's Regular T-Shirt,699,src/main/resources/data/images/fashion/Mens TShirts38.png
Veirdo 100% Cotton Oversize Drop Shoulder Loose Fit Round Neck Graphic Doodle Printed T-Shirt for Men & Boys,429,src/main/resources/data/images/fashion/Mens TShirts39.png
Adidas Mens M Dyn G T T-Shirt (Hk9160_2Xl - White - 2Xl),839,src/main/resources/data/images/fashion/Mens TShirts40.png
Peter England Men's Slim Fit T-Shirt,699,src/main/resources/data/images/fashion/Mens TShirts41.png
Wear Your Opinion Men's Slim Fit Polo Collar Neck Half Sleeve T-Shirt,399,src/main/resources/data/images/fashion/Mens TShirts42.png
Van Heusen Men Polo T-Shirt - Varsity Inspired - Short Sleeve - Pure Cotton,1199,src/main/resources/data/images/fashion/Mens TShirts43.png
EYEBOGLER Men's T-Shirt,339,src/main/resources/data/images/fashion/Mens TShirts44.png
Levi's Men's Regular Fit T-Shirt,497,src/main/resources/data/images/fashion/Mens TShirts45.png
Amazon Brand - Symbol Men T-Shirt,859,src/main/resources/data/images/fashion/Mens TShirts46.png
Urbano Plus Men's Solid Mandarin Collar Regular Fit Half Sleeve Cotton T-Shirt,499,src/main/resources/data/images/fashion/Mens TShirts47.png
Van Heusen Men T-Shirt - Quick Dry - Zipper Pocket - Crew Neck,549,src/main/resources/data/images/fashion/Mens TShirts48.png
GRITSTONES Men's Regular Fit T-Shirt,249,src/main/resources/data/images/fashion/Mens TShirts49.png
Allen Solly Men's Regular Fit T-Shirt,610,src/main/resources/data/images/fashion/Mens TShirts50.png
Cazibe Regular Men's T-Shirt,379,src/main/resources/data/images/fashion/Mens TShirts51.png
Jockey Men's Regular Fit V Neck Half Sleeved T-Shirt,493,src/main/resources/data/images/fashion/Mens TShirts52.png
Amazon Brand - Symactive Men's Regular T-Shirt,309,src/main/resources/data/images/fashion/Mens TShirts53.png
BLIVE Men's Round Neck Full Sleeve T-Shirt | Printed White T-Shirt,239,src/main/resources/data/images/fashion/Mens TShirts54.png
Van Heusen Men Polo T-Shirt - Ultra Soft - Short Sleeve - Cotton Blend,1099,src/main/resources/data/images/fashion/Mens TShirts55.png
Wear Your Opinion Men's Slim Fit Polo Collar Neck Half Sleeve Tshirt (Pack of 3),999,src/main/resources/data/images/fashion/Mens TShirts56.png
Ruggers by Unlimited Men's Regular Fit T-Shirt,479,src/main/resources/data/images/fashion/Mens TShirts57.png
Jockey Men's Regular Fit Round Neck Half Sleeved T-Shirt,548,src/main/resources/data/images/fashion/Mens TShirts58.png
Reebok Men's Slim Fit T-Shirt,839,src/main/resources/data/images/fashion/Mens TShirts59.png
