Hershey's Exotic Dark Gift Pack - 135g,250,/run/media/krishnaraj/Programs/Java/How Much/src/main/resources/data/images/miscellaneous/Gifts0.png
Bella Vita Organic Aroma Candles Soy Wax 4 X 60g each - Vanilla - Cinnamon - Lavender & Rose - Upto 15 hours - b...,358,/run/media/krishnaraj/Programs/Java/How Much/src/main/resources/data/images/miscellaneous/Gifts1.png
Indigifts Christmas Decorations for House Merry Christmas Printed Red Set of 3 Cushion Cover 12x12 inches w...,799,/run/media/krishnaraj/Programs/Java/How Much/src/main/resources/data/images/miscellaneous/Gifts2.png
Indigifts Christmas Gifts Nordic Pattern with Reindeers and Snowflakes Printed Set of 3 Cushion Cover 12x12...,799,/run/media/krishnaraj/Programs/Java/How Much/src/main/resources/data/images/miscellaneous/Gifts3.png
3D Moon Lamp 7 Colour Changeable Sensor Moon Night Light Lamp - Touch Control - Moonlight Lamp with Stand & USB for Bedrooms...,616,/run/media/krishnaraj/Programs/Java/How Much/src/main/resources/data/images/miscellaneous/Gifts4.png
Collectible India Ganesh Idol on Leaf - Lord Ganesha with Diya - Metal Hand Craved for Home Decorative Gift Puja Gifts Cor...,276,/run/media/krishnaraj/Programs/Java/How Much/src/main/resources/data/images/miscellaneous/Gifts5.png
Khamasi Hand Casting Kit | 3D Couple Casting Kit - casting kit for couples -molding powder for hand casting - Best gift for c...,1349,/run/media/krishnaraj/Programs/Java/How Much/src/main/resources/data/images/miscellaneous/Gifts6.png
Parker Vector Gift Set - Parker Roller Ball Pen With Parker Logo Round Key Chain (Ink - Blue),330,/run/media/krishnaraj/Programs/Java/How Much/src/main/resources/data/images/miscellaneous/Gifts7.png
Artvibes In This Home Decorative Wall Art MDF Wooden Wall Hanger for Living Room | Bedroom | Home Decor | Office | Gift | ...,279,/run/media/krishnaraj/Programs/Java/How Much/src/main/resources/data/images/miscellaneous/Gifts8.png
StarLaser 20 Reasons Why I Need You Message Box Gift For Anniversary Birthday And Loveable Person(Engineered Wood - Brown),218,/run/media/krishnaraj/Programs/Java/How Much/src/main/resources/data/images/miscellaneous/Gifts9.png
FYA Handheld Vacuum Cleaner Cordless - Wireless Hand Vacuum&Air Blower 2-in-1 - Mini Portable Car Vacuum Clea...,2669,/run/media/krishnaraj/Programs/Java/How Much/src/main/resources/data/images/miscellaneous/Car Appliances0.png
FYA Wireless Handheld Vacuum Cleaner - Portable High Power Cordless Mini Car Vacuum Cleaner for Home Pet Ha...,2299,/run/media/krishnaraj/Programs/Java/How Much/src/main/resources/data/images/miscellaneous/Car Appliances1.png
FYA Cordless Vacuum Cleaner for Home - 2-Speed 130W Power Suction - USB-C Rechargeable Handheld Vacuum Up to ...,5199,/run/media/krishnaraj/Programs/Java/How Much/src/main/resources/data/images/miscellaneous/Car Appliances2.png
ABSORBIA IONIC AUTO Pure Activated Charcoal Air Purifier - made with Organic Jute Bag | Natural Deodorizer a...,575,/run/media/krishnaraj/Programs/Java/How Much/src/main/resources/data/images/miscellaneous/Car Appliances3.png
Jopasu Car Duster,765,/run/media/krishnaraj/Programs/Java/How Much/src/main/resources/data/images/miscellaneous/Car Appliances4.png
AXX Vacuum Cleaner Dust Collection/Lighting 2 in 1 Car Vacuum Cleaner 120W High-Power Handheld Wireless Vacuum Cleaner Hom...,599,/run/media/krishnaraj/Programs/Java/How Much/src/main/resources/data/images/miscellaneous/Car Appliances5.png
Swiss Military VC03 Wireless Car Vacuum Cleaner | Wireless Vacuum Cleaner for Home - Car - Living Room | Wireless Vacuum Cle...,1547,/run/media/krishnaraj/Programs/Java/How Much/src/main/resources/data/images/miscellaneous/Car Appliances6.png
VOLTZ VZ-CP1600 Electric Hand Polisher 1600W Car Polisher - 6 Variable Speed Car Buffer 600-3000RPM -Detachable D Shape Hand...,3490,/run/media/krishnaraj/Programs/Java/How Much/src/main/resources/data/images/miscellaneous/Car Appliances7.png
Eagle Enterprise Vacuum Cleaner 120W High-Power Handheld Wireless 2 in 1 Vacuum Cleaner Dust Collection/Lighting Car Pet H...,425,/run/media/krishnaraj/Programs/Java/How Much/src/main/resources/data/images/miscellaneous/Car Appliances8.png
Tropicool PortaChill Black 5 L Car Refrigerator Chiller Cum Warmer (Black),4249,/run/media/krishnaraj/Programs/Java/How Much/src/main/resources/data/images/miscellaneous/Car Appliances9.png
Lexton 40 Feet LED Decorative String Light | Warm White | Plug Sourced | for Indoor & Outdoor Decorations - ...,99,/run/media/krishnaraj/Programs/Java/How Much/src/main/resources/data/images/miscellaneous/Diwali Lights0.png
DesiDiya® Warm White Diya/Diwali Light Curtain -String Lights with Pack of 12 Hanging Diyas - 8 Flashing Mode...,599,/run/media/krishnaraj/Programs/Java/How Much/src/main/resources/data/images/miscellaneous/Diwali Lights1.png
Floranso String Light 20 Meters Christmas Diwali Wedding Home Decoration Fairy Lights Xmas LED String Light...,595,/run/media/krishnaraj/Programs/Java/How Much/src/main/resources/data/images/miscellaneous/Diwali Lights2.png
Aashralya™ Wish Ball Orbs Led Curtain Lights for Diwali Christmas Wedding - 2.5 M - Globe Curtain Lights (Pac...,849,/run/media/krishnaraj/Programs/Java/How Much/src/main/resources/data/images/miscellaneous/Diwali Lights3.png
Gesto LED String Lights - 20 Meter Fairy Lights with 360 Degree Light LED Bulb - Waterproof & Bendable Copper LED Serial L...,322,/run/media/krishnaraj/Programs/Java/How Much/src/main/resources/data/images/miscellaneous/Diwali Lights4.png
Desidiya® LED Rice Light for Decoration Strip and Series Light for Diwali Christmas Indoor Outdoor Decoration Bedroom Wedd...,169,/run/media/krishnaraj/Programs/Java/How Much/src/main/resources/data/images/miscellaneous/Diwali Lights5.png
Gesto LED String Serial Light 45 Meter With 8 Modes Changing Controller. Waterproof & Flexible Copper LED Serial String Li...,474,/run/media/krishnaraj/Programs/Java/How Much/src/main/resources/data/images/miscellaneous/Diwali Lights6.png
DesiDiya® Warm White Diya/Diwali Light Curtain -String Lights with Pack of 12 Hanging Diyas - 8 Flashing Modes - Decoration,599,/run/media/krishnaraj/Programs/Java/How Much/src/main/resources/data/images/miscellaneous/Diwali Lights7.png
Philips Starlit 12 Meter 72 LEDs String Light for Decoration | Festival LED String Light for Diwali - Christmas and Home De...,346,/run/media/krishnaraj/Programs/Java/How Much/src/main/resources/data/images/miscellaneous/Diwali Lights8.png
PESCA Diwali Decorative LED String Lights Serial Bulbs - Multi Color 25 Meter,334,/run/media/krishnaraj/Programs/Java/How Much/src/main/resources/data/images/miscellaneous/Diwali Lights9.png
TOYXE Dinosaur Theme Birthday Decorations Balloons Curtains Set of 84 Pcs,472,/run/media/krishnaraj/Programs/Java/How Much/src/main/resources/data/images/miscellaneous/Decoration0.png
Birthday Decoration Red Star & Blue Star Shape Party Decorative Foil Balloon - Red Star (3 pcs) Blue Star (...,210,/run/media/krishnaraj/Programs/Java/How Much/src/main/resources/data/images/miscellaneous/Decoration1.png
TOYXE Welcome Baby Boy Decoration Set of 54 Pcs,377,/run/media/krishnaraj/Programs/Java/How Much/src/main/resources/data/images/miscellaneous/Decoration2.png
PartyPanda Happy Birthday Decoration Combo Kit Foil Banner Crown Hearts Stars Balloons Party Supplies 60 It...,499,/run/media/krishnaraj/Programs/Java/How Much/src/main/resources/data/images/miscellaneous/Decoration3.png
Desidiya 12 Stars 138 Led Curtain String Lights Window Curtain Lights With 8 Flashing Modes Decoration For Christmas - Wedd...,498,/run/media/krishnaraj/Programs/Java/How Much/src/main/resources/data/images/miscellaneous/Decoration4.png
Lexton 40 Feet LED Decorative String Light | Warm White | Plug Sourced | for Indoor & Outdoor Decorations - Diwali - Christm...,99,/run/media/krishnaraj/Programs/Java/How Much/src/main/resources/data/images/miscellaneous/Decoration5.png
BAILONGJU Bending ly Portable Usb Car Interior Star Projector Night Light - Atmospheres Decoration (Red - Black - Metal - Pac...,115,/run/media/krishnaraj/Programs/Java/How Much/src/main/resources/data/images/miscellaneous/Decoration6.png
Special You Decoration tulle white net Curtain cloth backdrop and LED Fairy Lights Combo for birthdays - christmas  - annive...,537,/run/media/krishnaraj/Programs/Java/How Much/src/main/resources/data/images/miscellaneous/Decoration7.png
Party Propz Happy Birthday Decorations for Boys- Golden Foil Banner - Blue Foil Curtain -Star Foil Balloons - Metallic Balloo...,329,/run/media/krishnaraj/Programs/Java/How Much/src/main/resources/data/images/miscellaneous/Decoration8.png
Art Street Photo Frame For Wall Set of 10 Black Picture Frames For Home Decoration  - Wall Decor EcoSeries -Size -6x8 -5x7 I...,809,/run/media/krishnaraj/Programs/Java/How Much/src/main/resources/data/images/miscellaneous/Decoration9.png
Party Propz Happy Birthday Decoration Items - 57Pcs for Black - Golden Balloons Banners Foil Curtain Photo B...,399,/run/media/krishnaraj/Programs/Java/How Much/src/main/resources/data/images/miscellaneous/Birthday Decor0.png
Party Propz Rubber Rose Gold Star - Princess - Butterfly Birthday Decorations For Girls Combo Set - 55 Pieces,524,/run/media/krishnaraj/Programs/Java/How Much/src/main/resources/data/images/miscellaneous/Birthday Decor1.png
Party Propz Golden Black and Silver Rubber Balloon Birthday Decorations Items - 33Pcs Combo For Kids -Adult ...,419,/run/media/krishnaraj/Programs/Java/How Much/src/main/resources/data/images/miscellaneous/Birthday Decor2.png
Party Propz Emoji Theme Birthday Decoration Kit Combo - Banner - Rubber Balloon - Led Light Set for Kids - Boy...,399,/run/media/krishnaraj/Programs/Java/How Much/src/main/resources/data/images/miscellaneous/Birthday Decor3.png
Party Propz Rubber Rose Gold Birthday Decorations Combo Black Banner With Confetti Balloons - Star Foil Balloons - Foil Curt...,521,/run/media/krishnaraj/Programs/Java/How Much/src/main/resources/data/images/miscellaneous/Birthday Decor4.png
Party Propz LED Happy Birthday Banner with Flag Sign Exclusive for Kids; Boys; Girls; Adult; 30th; 40th; 50th; 60th; Quara...,474,/run/media/krishnaraj/Programs/Java/How Much/src/main/resources/data/images/miscellaneous/Birthday Decor5.png
Party Propz Happy birthday decoration Set combo- 50Pcs Kit With Foil - Metallic Rubber Balloon Confetti Ballons - Birthday B...,399,/run/media/krishnaraj/Programs/Java/How Much/src/main/resources/data/images/miscellaneous/Birthday Decor6.png
Party Propz Net - Latex - Cardstock Decoration Items For Birthday -26Pcs Combo with White Net - LED Fairy Lights And Pink/Gol...,479,/run/media/krishnaraj/Programs/Java/How Much/src/main/resources/data/images/miscellaneous/Birthday Decor7.png
Party Propz Happy Birthday Decoration Items - 57Pcs for Black - Golden Balloons Banners Foil Curtain Photo Booth Props/ Bir...,399,/run/media/krishnaraj/Programs/Java/How Much/src/main/resources/data/images/miscellaneous/Birthday Decor8.png
Party Propz White Golden Latex Rubber Balloon Arc Combo 84Pcs Set For Anniversary - Birthday - Retirement - Adult - Quarantin...,474,/run/media/krishnaraj/Programs/Java/How Much/src/main/resources/data/images/miscellaneous/Birthday Decor9.png
Aqualens Daily Disposable Soft Contact Lenses with UV Protection - (30 Lens/Box) (-6.50),719,/run/media/krishnaraj/Programs/Java/How Much/src/main/resources/data/images/miscellaneous/Lenses0.png
Bausch & Lomb Lacelle Circle Monthly Disposable Contact Lens (-4.25 - Brown - 2 Lenses),595,/run/media/krishnaraj/Programs/Java/How Much/src/main/resources/data/images/miscellaneous/Lenses1.png
Choice Empire 3 Pair Monthly Color Contact Lenses 0 Power with Lens Case (Red -Terquoise -Dark Green),299,/run/media/krishnaraj/Programs/Java/How Much/src/main/resources/data/images/miscellaneous/Lenses2.png
Choice Empire 2 Pair Monthly Colored 0 Power Contact Lenses for Eyes Men and Women with Lens Case (S,249,/run/media/krishnaraj/Programs/Java/How Much/src/main/resources/data/images/miscellaneous/Lenses3.png
Aquacolor Daily Disposable Soft Colored Contact Lenses Zero Power with UV Protection - Spicy Grey - (10 Lens/Box) - Plano,499,/run/media/krishnaraj/Programs/Java/How Much/src/main/resources/data/images/miscellaneous/Lenses4.png
Freshlook One-Day Color Pure Hazel Powerless -10 Lens Pieces Pack,729,/run/media/krishnaraj/Programs/Java/How Much/src/main/resources/data/images/miscellaneous/Lenses5.png
Soft Eye Combo Pack of 4 Pairs of Monthly Color Contact Lenses (Green -Grey -Blue & Hazel) (Zero Power/Lenses Only) With Cas...,245,/run/media/krishnaraj/Programs/Java/How Much/src/main/resources/data/images/miscellaneous/Lenses6.png
Freshlook One-Day Color Green Powerless - 10 Lens Pack,729,/run/media/krishnaraj/Programs/Java/How Much/src/main/resources/data/images/miscellaneous/Lenses7.png
Freshlook One-Day Color Gray Powerless - 10 Lens Pack,630,/run/media/krishnaraj/Programs/Java/How Much/src/main/resources/data/images/miscellaneous/Lenses8.png
Aquacolor Dusky Brown Candy Pack Zero Power Colored Lenses (2 Lens/Box),155,/run/media/krishnaraj/Programs/Java/How Much/src/main/resources/data/images/miscellaneous/Lenses9.png
