Allen Solly Men Polo,500,/run/media/krishnaraj/Programs/Java/How Much/src/main/resources/data/images/fashion/Mens TShirts0.png
AMERICAN CREW Men's Polo T-Shirt,599,/run/media/krishnaraj/Programs/Java/How Much/src/main/resources/data/images/fashion/Mens TShirts1.png
Jockey Men's Regular Fit Round Neck Half Sleeved T-Shirt,492,/run/media/krishnaraj/Programs/Java/How Much/src/main/resources/data/images/fashion/Mens TShirts2.png
Van Heusen Men T-Shirt - Cotton Rich - Quick Dry - Crew Neck - Short Sleeve,569,/run/media/krishnaraj/Programs/Java/How Much/src/main/resources/data/images/fashion/Mens TShirts3.png
Van Heusen Men's Regular Fit Polo Shirt,549,/run/media/krishnaraj/Programs/Java/How Much/src/main/resources/data/images/fashion/Mens TShirts4.png
Van Heusen Athleisure Men Polo T-Shirt - Cotton Rich - Ultra Soft - Short Sleeve - Textured,733,/run/media/krishnaraj/Programs/Java/How Much/src/main/resources/data/images/fashion/Mens TShirts6.png
Scott International Men's Regular Fit T-Shirt (Pack of 3),474,/run/media/krishnaraj/Programs/Java/How Much/src/main/resources/data/images/fashion/Mens TShirts7.png
LEOTUDE Regular Fit Half Sleeve Polo T-Shirt for Men's,269,/run/media/krishnaraj/Programs/Java/How Much/src/main/resources/data/images/fashion/Mens TShirts8.png
Chromozome Men Mens Tshirts,399,/run/media/krishnaraj/Programs/Java/How Much/src/main/resources/data/images/fashion/Mens TShirts9.png
Raymond Dark Blue Suit,6749,/run/media/krishnaraj/Programs/Java/How Much/src/main/resources/data/images/fashion/Formal Suits0.png
Raymond Dark Blue Suits,7499,/run/media/krishnaraj/Programs/Java/How Much/src/main/resources/data/images/fashion/Formal Suits1.png
Park Avenue Black Suits (Size: 40)-PMDL03886-K8,4619,/run/media/krishnaraj/Programs/Java/How Much/src/main/resources/data/images/fashion/Formal Suits2.png
Raymond Dark Brown Suits,4499,/run/media/krishnaraj/Programs/Java/How Much/src/main/resources/data/images/fashion/Formal Suits3.png
Raymond Rayon Blend Men's Full Sleeve Contemporary FIT Dark Blue Formal Suit,4878,/run/media/krishnaraj/Programs/Java/How Much/src/main/resources/data/images/fashion/Formal Suits4.png
Park Avenue Polyester Blend Men's Full Sleeve Slim FIT Black Formal Suit (PMDL03744-K8 38),4809,/run/media/krishnaraj/Programs/Java/How Much/src/main/resources/data/images/fashion/Formal Suits5.png
Park Avenue Men Suit,4999,/run/media/krishnaraj/Programs/Java/How Much/src/main/resources/data/images/fashion/Formal Suits6.png
Shaan Fashion (TYEIS+) 5 Button Bandgala/Jodhpuri Suit Casual - Formal for Men's Available in 6 Size (Blazer with Trouser),2945,/run/media/krishnaraj/Programs/Java/How Much/src/main/resources/data/images/fashion/Formal Suits7.png
blackberrys Men's 2 Piece Slim Fit Suits-BP-DO-JAMES1,7995,/run/media/krishnaraj/Programs/Java/How Much/src/main/resources/data/images/fashion/Formal Suits8.png
blackberrys Men's Polyester Blend Formal Suit,11649,/run/media/krishnaraj/Programs/Java/How Much/src/main/resources/data/images/fashion/Formal Suits9.png
Dennis Lingo Men's Solid Slim Fit Cotton Casual Shirt with Spread Collar & Full Sleeves,499,/run/media/krishnaraj/Programs/Java/How Much/src/main/resources/data/images/fashion/Mens Casual Wear0.png
Dennis Lingo Men's Checkered Slim fit Casual Shirt,625,/run/media/krishnaraj/Programs/Java/How Much/src/main/resources/data/images/fashion/Mens Casual Wear1.png
Dennis Lingo Men's Shirt,699,/run/media/krishnaraj/Programs/Java/How Much/src/main/resources/data/images/fashion/Mens Casual Wear2.png
Dennis Lingo Men Shirt,660,/run/media/krishnaraj/Programs/Java/How Much/src/main/resources/data/images/fashion/Mens Casual Wear3.png
Amazon Brand - Inkast Denim Co. Men Casual Shirt,659,/run/media/krishnaraj/Programs/Java/How Much/src/main/resources/data/images/fashion/Mens Casual Wear4.png
IndoPrimo Men's Cotton Casual Shirt for Men Full Sleeves,499,/run/media/krishnaraj/Programs/Java/How Much/src/main/resources/data/images/fashion/Mens Casual Wear5.png
IndoPrimo Men's Regular Fit Casual Shirt,499,/run/media/krishnaraj/Programs/Java/How Much/src/main/resources/data/images/fashion/Mens Casual Wear6.png
Sparx Mens Sm-323 Sneaker,596,/run/media/krishnaraj/Programs/Java/How Much/src/main/resources/data/images/fashion/Mens Casual Wear7.png
IndoPrimo Men's Slim Fit Casual Shirt,499,/run/media/krishnaraj/Programs/Java/How Much/src/main/resources/data/images/fashion/Mens Casual Wear8.png
IndoPrimo Men's Regular Fit Casual Shirt,499,/run/media/krishnaraj/Programs/Java/How Much/src/main/resources/data/images/fashion/Mens Casual Wear9.png
JUNEBERRY Women Sweatshirt with Hoodies - Fleece Material Full Sleeves Jumper Women Winter Wear - Hooded Neck...,579,/run/media/krishnaraj/Programs/Java/How Much/src/main/resources/data/images/fashion/Womens Casual Wear0.png
KOTOZ Casual Hoddie for Women & girl || Long zipper Flannel Jacket for Women/Girls || Womens Ladies Collar ...,1499,/run/media/krishnaraj/Programs/Java/How Much/src/main/resources/data/images/fashion/Womens Casual Wear1.png
NYKD By Nykaa Casual Night Wear Lounge Shorts For Women Daily Use - Nys035,599,/run/media/krishnaraj/Programs/Java/How Much/src/main/resources/data/images/fashion/Womens Casual Wear2.png
Women's Churidar Leggings Casual Wear Office Wear - Color Maroon Size L,1099,/run/media/krishnaraj/Programs/Java/How Much/src/main/resources/data/images/fashion/Womens Casual Wear3.png
TRASE Women's Fashion Slippers | Lightweight - Comfortable & Trendy Flat Sandals |Soft Footbed - Casual and Stylish | Ideal ...,399,/run/media/krishnaraj/Programs/Java/How Much/src/main/resources/data/images/fashion/Womens Casual Wear4.png
OM SAI LATEST CREATION Women Printed Slub Rayon Top with Half Sleeves for Office Wear - Casual Wear -Top for Women/Girls Top,269,/run/media/krishnaraj/Programs/Java/How Much/src/main/resources/data/images/fashion/Womens Casual Wear5.png
DHRUVI TRENDZ Women's Cotton Regular Fit's Casual Wear Striped Trousers,269,/run/media/krishnaraj/Programs/Java/How Much/src/main/resources/data/images/fashion/Womens Casual Wear6.png
OM SAI LATEST CREATION Women Lycra Striped Tie-Dye Top with Half Sleeves for Office Wear -Casual Wear Night Wear Top,299,/run/media/krishnaraj/Programs/Java/How Much/src/main/resources/data/images/fashion/Womens Casual Wear7.png
OM SAI LATEST CREATION Women Striped Tie-Dye Top with Half Sleeves for Office Wear - Casual Wear,269,/run/media/krishnaraj/Programs/Java/How Much/src/main/resources/data/images/fashion/Womens Casual Wear8.png
Chandanicollection Women's & Girls' Rayon Casual Wear Top,259,/run/media/krishnaraj/Programs/Java/How Much/src/main/resources/data/images/fashion/Womens Casual Wear9.png
ORGANIC CLEANSE Women Slim Fit Solid Cotton Casual/Formal Shirts for Women Office Wear,1299,/run/media/krishnaraj/Programs/Java/How Much/src/main/resources/data/images/fashion/Womens Formal Wear0.png
EcoLove Women's Interlock Bell Bottom Regular Solid Casual Formal Wear Cotton Blend Trousers Pants,659,/run/media/krishnaraj/Programs/Java/How Much/src/main/resources/data/images/fashion/Womens Formal Wear1.png
Rayon Shirt for Your Casual Women,549,/run/media/krishnaraj/Programs/Java/How Much/src/main/resources/data/images/fashion/Womens Formal Wear2.png
Iconic Deeva Girls Top Combo - Casual & Formal Wear Tops for Women,575,/run/media/krishnaraj/Programs/Java/How Much/src/main/resources/data/images/fashion/Womens Formal Wear3.png
Blue Ronin Women's Cotton Regular Fit 3/4 Sleeve Formal/Casual Shirt,449,/run/media/krishnaraj/Programs/Java/How Much/src/main/resources/data/images/fashion/Womens Formal Wear4.png
ADORNLY Women Formal Shirt,649,/run/media/krishnaraj/Programs/Java/How Much/src/main/resources/data/images/fashion/Womens Formal Wear5.png
Trendy Formal Pants for Girls and Women,270,/run/media/krishnaraj/Programs/Java/How Much/src/main/resources/data/images/fashion/Womens Formal Wear6.png
Lymio Women Trousers || Girl's Trousers (P-11-P-14),389,/run/media/krishnaraj/Programs/Java/How Much/src/main/resources/data/images/fashion/Womens Formal Wear7.png
Miss Chase Women's Cotton Full Sleeve Collared Top,499,/run/media/krishnaraj/Programs/Java/How Much/src/main/resources/data/images/fashion/Womens Formal Wear8.png
ILLI LONDON Women's Top,498,/run/media/krishnaraj/Programs/Java/How Much/src/main/resources/data/images/fashion/Womens Formal Wear9.png
Baby Story Baby's Cotton All Over Print Night Suits,649,/run/media/krishnaraj/Programs/Java/How Much/src/main/resources/data/images/fashion/Kids Clothes0.png
TS LAVI TAVI Baby Boy's & Baby Girl's Regular Fit Pyjama Pants Pack of 5,499,/run/media/krishnaraj/Programs/Java/How Much/src/main/resources/data/images/fashion/Kids Clothes1.png
SILVER FANG Cotton Clothing Sets for Baby Boys & girls//Unisex Clothing sets Full Sleeve T-shirt Pant//Baby...,279,/run/media/krishnaraj/Programs/Java/How Much/src/main/resources/data/images/fashion/Kids Clothes2.png
Montu Bunty Wear New Born Baby Clothes Set Romper & Sleepsuit For Baby 0-3 Months (Pack of 3),999,/run/media/krishnaraj/Programs/Java/How Much/src/main/resources/data/images/fashion/Kids Clothes3.png
Bold N Elegant - Be Bold Inside & Elegant Outside Baby's Cotton Tshirt Pant Set,629,/run/media/krishnaraj/Programs/Java/How Much/src/main/resources/data/images/fashion/Kids Clothes4.png
Kuchipoo Boys' T-Shirt (Pack of 5),615,/run/media/krishnaraj/Programs/Java/How Much/src/main/resources/data/images/fashion/Kids Clothes5.png
ARIEL Cotton Clothing Sets for Baby Boys & girls - Unisex Clothing sets Full Sleeve T-shirt & Pant,375,/run/media/krishnaraj/Programs/Java/How Much/src/main/resources/data/images/fashion/Kids Clothes6.png
Hopscotch Boy's Cotton Blend Top And Pant Set,836,/run/media/krishnaraj/Programs/Java/How Much/src/main/resources/data/images/fashion/Kids Clothes7.png
minicult Cotton Pajama Pants with All Over Print for Boys and Girls (Multicolor Designs)(Regular Fit)(Pack of 5),704,/run/media/krishnaraj/Programs/Java/How Much/src/main/resources/data/images/fashion/Kids Clothes8.png
BRANDONN Unisex Baby Flannel Jumpsuit Panda Style Cosplay Clothes Bunting Outfits Snowsuit Hooded Romper Outwear (Grey Sca...,664,/run/media/krishnaraj/Programs/Java/How Much/src/main/resources/data/images/fashion/Kids Clothes9.png
RENEE Face Gloss Serum with Hyaluronic Acid - Nourishes And Brightens Skin - Lightweight - Non Greasy - Gold 10ml,419,/run/media/krishnaraj/Programs/Java/How Much/src/main/resources/data/images/fashion/Makeup0.png
Lakme 9 to 5 Primer + Matte Perfect Cover Liquid Foundation - W240 Warm Beige - Natural Matte Finish - Long L...,320,/run/media/krishnaraj/Programs/Java/How Much/src/main/resources/data/images/fashion/Makeup1.png
Microblading Practice Skin for Permanent Makeup Artists | Microblading Supplies | PMU kit | Fake Silicone S...,549,/run/media/krishnaraj/Programs/Java/How Much/src/main/resources/data/images/fashion/Makeup2.png
LAKMÉ Lip Color Red Letter (Matte),446,/run/media/krishnaraj/Programs/Java/How Much/src/main/resources/data/images/fashion/Makeup3.png
TYA Makeup Kit + 5 Pcs Makeup Brush + 2 Pc Blender Puff Combo - Multicolor,294,/run/media/krishnaraj/Programs/Java/How Much/src/main/resources/data/images/fashion/Makeup4.png
Swiss Beauty MakeUp Fixer Natural Aloe Vera with Vitamin E - Face MakeUp - White - 50 ml,174,/run/media/krishnaraj/Programs/Java/How Much/src/main/resources/data/images/fashion/Makeup5.png
MACPLUS Makeup Sponge Set Beauty Blender with Egg Case - Soft Sponge For Liquid Foundation - Creams - and Powders Latex Free ...,205,/run/media/krishnaraj/Programs/Java/How Much/src/main/resources/data/images/fashion/Makeup6.png
Blue Heaven Festive Make Up Kit Fair Tone Combo - Medium Tone - 350gm,799,/run/media/krishnaraj/Programs/Java/How Much/src/main/resources/data/images/fashion/Makeup7.png
SWISS BEAUTY Primer Sb-1305 -N02-Golden Tint - Shade-02-Golden-Tint 32 ml,312,/run/media/krishnaraj/Programs/Java/How Much/src/main/resources/data/images/fashion/Makeup8.png
INSIGHT Cosmetics Natural Powder Pro Concealer Palette (Concealer),179,/run/media/krishnaraj/Programs/Java/How Much/src/main/resources/data/images/fashion/Makeup9.png
RENEE Fab 5 5-in-1 Lipstick 7.5gm - Long Lasting Matte Finish | Five Shades In One | Intense Color Payoff | ...,525,/run/media/krishnaraj/Programs/Java/How Much/src/main/resources/data/images/fashion/Beauty Products0.png
Lakme 9 to 5 Primer + Matte Perfect Cover Liquid Foundation - W240 Warm Beige - Natural Matte Finish - Long L...,320,/run/media/krishnaraj/Programs/Java/How Much/src/main/resources/data/images/fashion/Beauty Products1.png
The Face Shop Rice & Ceramide Moisturizing Emulsion with Rice Extracts for brightening skin |Light weight e...,779,/run/media/krishnaraj/Programs/Java/How Much/src/main/resources/data/images/fashion/Beauty Products2.png
WOW Skin Science Apple Cider Vinegar Shampoo No sulphate & Parabens - 300ml,319,/run/media/krishnaraj/Programs/Java/How Much/src/main/resources/data/images/fashion/Beauty Products3.png
Maybelline New York Compact Powder - With SPF to Protect Skin from Sun - Absorbs Oil - Fit Me - 128 Warm Nude - 8g,176,/run/media/krishnaraj/Programs/Java/How Much/src/main/resources/data/images/fashion/Beauty Products4.png
Vaseline Intensive Care Deep Moisture Nourishing Body Lotion 400 ml - Daily Moisturizer for Dry Skin - Gives Non-Greasy - Glo...,225,/run/media/krishnaraj/Programs/Java/How Much/src/main/resources/data/images/fashion/Beauty Products5.png
COCOA BUTTER INTEN.BODY LOTI 400ml INDIA,210,/run/media/krishnaraj/Programs/Java/How Much/src/main/resources/data/images/fashion/Beauty Products6.png
Maybelline New York Eyeliner - Smudge-proof and waterproof - Long-lasting - Colossal Bold Liner - Black - 3g,191,/run/media/krishnaraj/Programs/Java/How Much/src/main/resources/data/images/fashion/Beauty Products7.png
Carmesi Facial Razor for Women | Instant & Painless Hair Removal | Glowing Skin | Eyebrows - Upper Lip - Forehead - Peach Fuz...,194,/run/media/krishnaraj/Programs/Java/How Much/src/main/resources/data/images/fashion/Beauty Products8.png
Neutrogena Hydro Boost Hyaluronic Acid Hydrating Water Gel Daily Face Moisturizer For All Skin Types - 50g,787,/run/media/krishnaraj/Programs/Java/How Much/src/main/resources/data/images/fashion/Beauty Products9.png
Maserati Stile Date Analog Dial ColorBlack Men Watch- R8853142001,19249,/run/media/krishnaraj/Programs/Java/How Much/src/main/resources/data/images/fashion/Analog Watches0.png
Maserati Sfida Analog Blue Dial Men's Watch-R8873640008,22799,/run/media/krishnaraj/Programs/Java/How Much/src/main/resources/data/images/fashion/Analog Watches1.png
Cutepiece Analog Digital Sport Watches for Men's and Boys,399,/run/media/krishnaraj/Programs/Java/How Much/src/main/resources/data/images/fashion/Analog Watches2.png
Maserati Competizione Analog Silver Dial Men's Watch-R8853100021,17775,/run/media/krishnaraj/Programs/Java/How Much/src/main/resources/data/images/fashion/Analog Watches3.png
Fastrack Analog Black Dial Unisex-Adult Watch-38024PP25,669,/run/media/krishnaraj/Programs/Java/How Much/src/main/resources/data/images/fashion/Analog Watches4.png
Fastrack Analog Black Dial Unisex Watch-NG38003PP13W / NG38003PP13W,629,/run/media/krishnaraj/Programs/Java/How Much/src/main/resources/data/images/fashion/Analog Watches5.png
Louis Devin Silicone Strap Analog Wrist Watch for Men (Black/Blue/Red) | LD-BK054,399,/run/media/krishnaraj/Programs/Java/How Much/src/main/resources/data/images/fashion/Analog Watches6.png
TIMEX Analog Women's Watch,1617,/run/media/krishnaraj/Programs/Java/How Much/src/main/resources/data/images/fashion/Analog Watches7.png
Matrix Men's Day & Date Display Analog Wrist Watch,249,/run/media/krishnaraj/Programs/Java/How Much/src/main/resources/data/images/fashion/Analog Watches8.png
Casio Analog Blue Dial Men's Watch-MTP-V005D-2B5UDF,1817,/run/media/krishnaraj/Programs/Java/How Much/src/main/resources/data/images/fashion/Analog Watches9.png
Shaya by CaratLane Celestial Sweetheart Earrings in Gold Plated in 925 sterling silver,850,/run/media/krishnaraj/Programs/Java/How Much/src/main/resources/data/images/fashion/Earrings0.png
GIVA 925 Sterling Silver Cobalt Blue Blooming Flower Earrings | Studs to Gift Women & Girls | With Certific...,1499,/run/media/krishnaraj/Programs/Java/How Much/src/main/resources/data/images/fashion/Earrings1.png
GIVA 925 Sterling Silver Zircon Drizzle Drop Earrings | Studs to Gift Women & Girls | With Certificate of A...,1323,/run/media/krishnaraj/Programs/Java/How Much/src/main/resources/data/images/fashion/Earrings2.png
Shaya by CaratLane Walk Me Home Earrings in 925 sterling silver,1360,/run/media/krishnaraj/Programs/Java/How Much/src/main/resources/data/images/fashion/Earrings3.png
GIVA 925 Sterling Silver Rose Gold Princess Earrings | Studs to Gift Women & Girls | With Certificate of Authenticity and ...,1500,/run/media/krishnaraj/Programs/Java/How Much/src/main/resources/data/images/fashion/Earrings4.png
Zaveri Pearls Set Of 25 Gold Tone Smart Casual Wear Studs & Hoop Earrings For Women-ZPFK14053,279,/run/media/krishnaraj/Programs/Java/How Much/src/main/resources/data/images/fashion/Earrings5.png
Zaveri Pearls Combo of 3 Cubic Zirconia & Pearls Contemporary Stud Earrings For Women-ZPFK10381,353,/run/media/krishnaraj/Programs/Java/How Much/src/main/resources/data/images/fashion/Earrings6.png
Zaveri Pearls Rose Gold Cubic Zirconia Contemporary Rings Drop Brass Bali Earring For Women-ZPFK9472,164,/run/media/krishnaraj/Programs/Java/How Much/src/main/resources/data/images/fashion/Earrings7.png
Zaveri Pearls Pink Cluster Beads Drop Kundan Dangle Earring For Women-ZPFK13728,360,/run/media/krishnaraj/Programs/Java/How Much/src/main/resources/data/images/fashion/Earrings8.png
Zaveri Pearls Glittering Cubic Zirconia Studded Rose Gold Bali Earring For Women-ZPFK7993,329,/run/media/krishnaraj/Programs/Java/How Much/src/main/resources/data/images/fashion/Earrings9.png
Shaya by CaratLane On the Loop Infinity Pendant Necklace in 925 sterling silver,1317,/run/media/krishnaraj/Programs/Java/How Much/src/main/resources/data/images/fashion/Necklaces0.png
Shaya by CaratLane A Lunar Dream Moon Pendant Necklace in 925 sterling silver,1275,/run/media/krishnaraj/Programs/Java/How Much/src/main/resources/data/images/fashion/Necklaces1.png
Shaya by CaratLane Betty F Necklace in 925 sterling silver,2040,/run/media/krishnaraj/Programs/Java/How Much/src/main/resources/data/images/fashion/Necklaces2.png
Shaya by CaratLane Anne Shirley Necklace in 925 Oxidised Silver in 925 sterling silver,5015,/run/media/krishnaraj/Programs/Java/How Much/src/main/resources/data/images/fashion/Necklaces3.png
Sukkhi Adorable Gold Plated Pearl Choker Necklace Set for Women,159,/run/media/krishnaraj/Programs/Java/How Much/src/main/resources/data/images/fashion/Necklaces4.png
Sukkhi Fashion Jewellery for Women,175,/run/media/krishnaraj/Programs/Java/How Much/src/main/resources/data/images/fashion/Necklaces5.png
Zaveri Pearls Fresh Water Button Pearls 6-7mm AAA+ Quality Necklace For Women-ZPFK10060,514,/run/media/krishnaraj/Programs/Java/How Much/src/main/resources/data/images/fashion/Necklaces6.png
ZAVERI PEARLS Ethnic Kundan & Pearls Multi Layers Bridal Necklace Set For Women-ZPFK8689,394,/run/media/krishnaraj/Programs/Java/How Much/src/main/resources/data/images/fashion/Necklaces7.png
Brado Jewellery Multi Wearing Heart Necklace 4 Heart Magnetic Rose Gold Necklace Pendant Heart Toggle Necklace Diamond Wom...,187,/run/media/krishnaraj/Programs/Java/How Much/src/main/resources/data/images/fashion/Necklaces8.png
Brado Jewellery Gold Plated & Brass Cubic Zirconia White American Diamond Square & One Love Heart Shape Pendant with Chain...,189,/run/media/krishnaraj/Programs/Java/How Much/src/main/resources/data/images/fashion/Necklaces9.png
ZAVERI PEARLS Wine Color Stones & Cluster Beads Choker Necklace Earring Maangtikka & Ring Set For Women-ZPF...,597,/run/media/krishnaraj/Programs/Java/How Much/src/main/resources/data/images/fashion/Jewellery0.png
Sukkhi Classic LCT Gold Plated Wedding Jewellery Pearl Long Haram Necklace Set For Women (N83782),399,/run/media/krishnaraj/Programs/Java/How Much/src/main/resources/data/images/fashion/Jewellery1.png
PIPABOX 100% Natural Fresh Water original White Pearl Necklace with 8mm studs - Jewelry set for women - lates...,2500,/run/media/krishnaraj/Programs/Java/How Much/src/main/resources/data/images/fashion/Jewellery2.png
ZAVERI PEARLS Green Meenakari Bridal Choker Necklace Earring & Maangtikka Set For Women-ZPFK10497,838,/run/media/krishnaraj/Programs/Java/How Much/src/main/resources/data/images/fashion/Jewellery3.png
Zaveri Pearls Multicolor Meenakari Peacock Inspired Multistrand Pearls Choker Necklace Earring & Ring Set For Women-ZPFK14436,498,/run/media/krishnaraj/Programs/Java/How Much/src/main/resources/data/images/fashion/Jewellery4.png
YouBella Jewellery Antique German Silver Oxidised Plated Tribal Cotton Thread Jewellery Necklace Earring Set for Women & G...,187,/run/media/krishnaraj/Programs/Java/How Much/src/main/resources/data/images/fashion/Jewellery5.png
Zaveri Pearls Multicolor Meenakari Flower Design Choker Necklace Earring Maangtikka & Ring Set For Women-ZPFK13825,699,/run/media/krishnaraj/Programs/Java/How Much/src/main/resources/data/images/fashion/Jewellery6.png
ZAVERI PEARLS Pink & Green Beads Cluster Drops Kundan Choker Necklace Earring & Ring Set For Women-ZPFK13800,599,/run/media/krishnaraj/Programs/Java/How Much/src/main/resources/data/images/fashion/Jewellery7.png
Sukkhi Adorable Gold Plated Pearl Choker Necklace Set for Women,159,/run/media/krishnaraj/Programs/Java/How Much/src/main/resources/data/images/fashion/Jewellery8.png
Sukkhi,135,/run/media/krishnaraj/Programs/Java/How Much/src/main/resources/data/images/fashion/Jewellery9.png
Soumita Modi bandi For Men Clothes Branded Cotton Blended Export Quality Indian Traditional Nehru Jacket Fo...,850,/run/media/krishnaraj/Programs/Java/How Much/src/main/resources/data/images/fashion/Branded Clothes0.png
Alan Jones Clothing Men's Solid Slim Joggers Track Pants,569,/run/media/krishnaraj/Programs/Java/How Much/src/main/resources/data/images/fashion/Branded Clothes1.png
Janasya Women's Poly Crepe Salwar Suit,987,/run/media/krishnaraj/Programs/Java/How Much/src/main/resources/data/images/fashion/Branded Clothes2.png
Alan Jones Clothing Men's Side Tape Joggers Track Pants,499,/run/media/krishnaraj/Programs/Java/How Much/src/main/resources/data/images/fashion/Branded Clothes3.png
Allen Solly Men's Cotton Crew Neck Sweatshirt,730,/run/media/krishnaraj/Programs/Java/How Much/src/main/resources/data/images/fashion/Branded Clothes4.png
Allen Solly Men Sweatshirt,899,/run/media/krishnaraj/Programs/Java/How Much/src/main/resources/data/images/fashion/Branded Clothes5.png
Amazon Brand - Symbol Men Sweatshirt,669,/run/media/krishnaraj/Programs/Java/How Much/src/main/resources/data/images/fashion/Branded Clothes6.png
Diverse Men's Regular Fit Formal Shirt,449,/run/media/krishnaraj/Programs/Java/How Much/src/main/resources/data/images/fashion/Branded Clothes7.png
Allen Solly Men Polo,599,/run/media/krishnaraj/Programs/Java/How Much/src/main/resources/data/images/fashion/Branded Clothes8.png
Dennis Lingo Men's Solid Slim Fit Casual Shirt,499,/run/media/krishnaraj/Programs/Java/How Much/src/main/resources/data/images/fashion/Branded Clothes9.png
MMTC-PAMP 24k (999.9) 2 gm Ganesha Yellow Gold Coin cum Pendant,12670,/run/media/krishnaraj/Programs/Java/How Much/src/main/resources/data/images/fashion/Gold Jewellery0.png
MMTC-PAMP 24k (999.9) Lakshmi 2 gm Yellow Gold Pendant,12670,/run/media/krishnaraj/Programs/Java/How Much/src/main/resources/data/images/fashion/Gold Jewellery1.png
MMTC-PAMP 999.9 24k Lotus Pure 10 gm Gold Bar,61610,/run/media/krishnaraj/Programs/Java/How Much/src/main/resources/data/images/fashion/Gold Jewellery2.png
Joyalukkas 22k (916) Yellow Gold Pendant for Girls,10201,/run/media/krishnaraj/Programs/Java/How Much/src/main/resources/data/images/fashion/Gold Jewellery3.png
Mansiyaorange Brass Non-Precious Metal Bangles for Women's,499,/run/media/krishnaraj/Programs/Java/How Much/src/main/resources/data/images/fashion/Gold Jewellery4.png
Sukkhi Wedding Jewellery Jewellery Set for Women (Golden) (N83811),347,/run/media/krishnaraj/Programs/Java/How Much/src/main/resources/data/images/fashion/Gold Jewellery5.png
Kuber Industries Satin Jewellery Kit Oragniser (Gold) -CTKTC8798,284,/run/media/krishnaraj/Programs/Java/How Much/src/main/resources/data/images/fashion/Gold Jewellery6.png
AFJ GOLD Women's 1 Gram Micro Gold Plated Copper Traditional Designer Plain Dollar Chain (Yellow),650,/run/media/krishnaraj/Programs/Java/How Much/src/main/resources/data/images/fashion/Gold Jewellery7.png
Sukkhi Eye-Catchy Jalebi Design Gold Plated Necklace Set For Women,419,/run/media/krishnaraj/Programs/Java/How Much/src/main/resources/data/images/fashion/Gold Jewellery8.png
Estele Necklace Set for Women,399,/run/media/krishnaraj/Programs/Java/How Much/src/main/resources/data/images/fashion/Gold Jewellery9.png
ASIAN Men's Wonder-13 Sports Running Shoes,450,/run/media/krishnaraj/Programs/Java/How Much/src/main/resources/data/images/fashion/Shoes0.png
ASIAN Superwalk-08 Sport Running Shoes for Men's,678,/run/media/krishnaraj/Programs/Java/How Much/src/main/resources/data/images/fashion/Shoes1.png
ASIAN Men's Cosko Sports Running -Walking -Gym -Training Sneaker Lace-Up Shoes for Men's & Boy's,499,/run/media/krishnaraj/Programs/Java/How Much/src/main/resources/data/images/fashion/Shoes2.png
ASIAN Men's Creta-12 Men's Running Shoes with Breathable Knitted Upper | Ideal for Sports -Gym -Training - Run...,649,/run/media/krishnaraj/Programs/Java/How Much/src/main/resources/data/images/fashion/Shoes3.png
Campus Men's OXYFIT (N) Walking Shoe,599,/run/media/krishnaraj/Programs/Java/How Much/src/main/resources/data/images/fashion/Shoes4.png
ASIAN Men's Achiever-15 Latest Stylish Casual Sneaker -Lace-up Lightweight with Extra Cushion Shoes for Running - Walking - G...,399,/run/media/krishnaraj/Programs/Java/How Much/src/main/resources/data/images/fashion/Shoes5.png
Bourge Men's Loire-z126 Running Shoes,499,/run/media/krishnaraj/Programs/Java/How Much/src/main/resources/data/images/fashion/Shoes6.png
Campus Men's Maxico Running Shoes,669,/run/media/krishnaraj/Programs/Java/How Much/src/main/resources/data/images/fashion/Shoes7.png
Campus Men's Crysta Running Shoes,699,/run/media/krishnaraj/Programs/Java/How Much/src/main/resources/data/images/fashion/Shoes8.png
Campus Mens Ignite Pro Running Shoes,604,/run/media/krishnaraj/Programs/Java/How Much/src/main/resources/data/images/fashion/Shoes9.png
