Wood Decor City Rose Wood Chaise Lounge for Home and Living Room - Pink,15499,src/main/resources/data/images/household/Furniture0.png
Raafi Rafuf Wooden Intersecting Wall Shelves ( Set of 8 ) (Yellow & Black),1599,src/main/resources/data/images/household/Furniture1.png
Nilkamal Cyrus Center Table - Black,3900,src/main/resources/data/images/household/Furniture2.png
Wood Decor City Rose Wood Living Storage Chaise Lounge for Home and Living Room(Blue),15499,src/main/resources/data/images/household/Furniture3.png
UHUD CRAFTS Beautiful Antique Wooden Fold-able Side Table/End Table/Plant Stand/Stool Living Room Kids Play Furniture Tabl...,399,src/main/resources/data/images/household/Furniture4.png
Maulik Aditya's Elegant Kid's Favourite Table Antique Classy Wooden Stool for Living and Bed Room/Kid's Furniture/Out Doo...,299,src/main/resources/data/images/household/Furniture5.png
Tree House Nesting Triangle End Coffee Tables Nightstand Modern Furniture for Home Office Living Room Nest White Table,1599,src/main/resources/data/images/household/Furniture6.png
Furniture Cafe Wooden TV Cabinet Wall Shelves - Smart LED TV Entertainment Unit Set Top Box Stand | TV Stand Wall Shelf for...,780,src/main/resources/data/images/household/Furniture7.png
CASPIAN Furniture Super White Engineered Wood Single Door Wardrobe/Cupboard with 4 Shelves - 5 Spacious compartments and 2 ...,7500,src/main/resources/data/images/household/Furniture8.png
Lukzer Engineered Wood 2 Layer Bed Side Table Wooden Organizer Stand Space Saving Storage Rack Multipurpose 2 Tier Shelf f...,1190,src/main/resources/data/images/household/Furniture9.png
