Cadbury Birthday Celebrations Box - 430g,468,src/main/resources/data/images/miscellaneous/Gifts0.png
Cadbury Dairy Milk Silk Pralines Chocolate Gift Box -  264 g,275,src/main/resources/data/images/miscellaneous/Gifts1.png
Cadbury Celebrations Silk Special Selection Gift Pack - Assorted - 233 g,275,src/main/resources/data/images/miscellaneous/Gifts2.png
Cadbury Celebrations Dark Noir Selection - 240g,374,src/main/resources/data/images/miscellaneous/Gifts3.png
Paperkraft Expressions Gift Pack (Roller Ball Pen + Ball Pen)|Premium Metal Body Pens|Classic & Elegant Matte Blue Finish|...,298,src/main/resources/data/images/miscellaneous/Gifts4.png
3D Moon Lamp 7 Colour Changeable Sensor Moon Night Light Lamp - Touch Control - Moonlight Lamp with Stand & USB for Bedrooms...,616,src/main/resources/data/images/miscellaneous/Gifts5.png
StarLaser 20 Reasons Why I Need You Message Box Gift For Anniversary Birthday And Loveable Person(Engineered Wood - Brown),218,src/main/resources/data/images/miscellaneous/Gifts6.png
International Gift German Silver Brass Solid Round Bowl Set With Tray And Spoon With Blue Velvet Box Used for Dry Fruit - S...,393,src/main/resources/data/images/miscellaneous/Gifts7.png
Collectible India Ganesh Idol on Leaf - Lord Ganesha with Diya - Metal Hand Craved for Home Decorative Gift Puja Gifts Cor...,274,src/main/resources/data/images/miscellaneous/Gifts8.png
Collectible India Peacock Design Radha Krishna Idol Showpiece with Diya for Puja and Home Decor (8 x 6 Inches) - Metal - Gol...,372,src/main/resources/data/images/miscellaneous/Gifts9.png
mCaffeine Moment Skin Care Gift Set for Women & Men in Premium Gift Box | Gift Kit for Diwali & Bhai Dooj | Gift Hamper wi...,1149,src/main/resources/data/images/miscellaneous/Gifts10.png
HERSHEY'S Kisses Moments Chocolate Gift Pack - 193.5,360,src/main/resources/data/images/miscellaneous/Gifts11.png
Cadbury Oreo Moments Gift Pack - 500g,164,src/main/resources/data/images/miscellaneous/Gifts12.png
Collectible India Laxmi Ganesh Saraswati Idol Diya Oil Lamp Deepak - Metal Lakshmi Ganesha Showpiece Statue - Traditional ...,499,src/main/resources/data/images/miscellaneous/Gifts13.png
Asera Birthday Return Gifts Kaleidoscope (12 Pcs) Children Educational Fun Magic Science Toy,665,src/main/resources/data/images/miscellaneous/Gifts14.png
Giftplease Customized Photo and song Spotify Plaque With Steel Removable Stand | Personalized Printed Frame with scannable...,299,src/main/resources/data/images/miscellaneous/Gifts15.png
eCraftIndia Golden Handcrafted Palm Buddha Polyresin Showpiece (12.5 cm x 7.5 cm x 17.5 cm - Black),199,src/main/resources/data/images/miscellaneous/Gifts16.png
Urban Forest Oliver Blue RFID Blocking Leather Wallet & Pen Combo Gift Set for Men,499,src/main/resources/data/images/miscellaneous/Gifts17.png
Valentine Gift By Shining Diva Italian Designer Non Precious Metal Jewellery Set for Women (Blue) (rrsdcmb208),320,src/main/resources/data/images/miscellaneous/Gifts18.png
eCraftIndia Metal Lord Ganesha in Red Dhoti on Green Leaf Wall Hanging (AGG512_GN) - Multicolour,199,src/main/resources/data/images/miscellaneous/Gifts19.png
Bella Vita Organic Aroma Candles Soy Wax 4 X 60g each - Vanilla - Cinnamon - Lavender & Rose - Upto 15 hours - b...,349,src/main/resources/data/images/miscellaneous/Gifts20.png
Unibic Cookie Bliss - 500 g Gift Hamper for Festivals - Sweet Gourmet Delicacies - Corporate Gifting for Emplo...,275,src/main/resources/data/images/miscellaneous/Gifts21.png
IRIS Reed Diffuser Fragrance Gift Set -French Lavender (INFG0314FL),546,src/main/resources/data/images/miscellaneous/Gifts22.png
IRIS Ceramic Fragrant Gift Pack (Brown),500,src/main/resources/data/images/miscellaneous/Gifts23.png
Ananth Jewels BIS Hallmarked Silver Coin 10 Grams Happy Birthday Gift,1565,src/main/resources/data/images/miscellaneous/Gifts24.png
Orion Chocopie festive Gift pack (20 pies)|Premium Chocolate gift pack | Diwali gift pack,166,src/main/resources/data/images/miscellaneous/Gifts25.png
Parker Vector Gift Set - Parker Roller Ball Pen with Parker logo Round Key Chain (Ink - Blue),397,src/main/resources/data/images/miscellaneous/Gifts26.png
Ferrero Rocher Moments,293,src/main/resources/data/images/miscellaneous/Gifts27.png
Lavie Women's Betula Tote Bag | Ladies Purse Handbag,999,src/main/resources/data/images/miscellaneous/Gifts28.png
Interlife Gift Studio White Metal Bowl Set - 2 Pieces,115,src/main/resources/data/images/miscellaneous/Gifts29.png
ITOS365 Jewellery Box for Women Wooden Flip Flap Flower Carved Design Handmade Gift - 8 inches,499,src/main/resources/data/images/miscellaneous/Gifts30.png
Wembley Toys LCD Writing Pad Tablet Birthday Gift for Boys and Girls 8.5 Inch Digital Slate for Kids Learning Educational ...,235,src/main/resources/data/images/miscellaneous/Gifts31.png
DECOR Airplane Showpiece Metal Pen Stand for Office Table - Pencil Holder - Single Compartment Desk Organizers with Happy Sm...,549,src/main/resources/data/images/miscellaneous/Gifts32.png
Parker Vector Camouflage Gift Set - Roller Ball Pen & Parker Logo Keychain (Black Body - Blue Ink) - 2 Piece Set,299,src/main/resources/data/images/miscellaneous/Gifts33.png
Chalk and Chuckles Art and Craft Keychain Dolls - Make Yourself Activity Kit for Ages 8+ Unique DIY Set - Gifts for Girls ...,559,src/main/resources/data/images/miscellaneous/Gifts34.png
JR Gifts And Handicrafts Brass Silver Plated Floral Bowls  - Spoon with Plate In Royal Velvet Gift Box ( Silver ) - 5 Pieces,248,src/main/resources/data/images/miscellaneous/Gifts35.png
SparkleBox Tie & Dye Art Kit (Skin Friendly) |Gift for Kids 9 -10 -11 -12 Years and Above. | 5 in 1 Projects - White Tshirt -4 ...,565,src/main/resources/data/images/miscellaneous/Gifts36.png
KridayKraft Prince Home Decor & Gifts Metal Krishna With Cow Standing Under Tree Plying Flute (Gold - 12.5X8X16Cm) - 1 Piece,279,src/main/resources/data/images/miscellaneous/Gifts37.png
Bombay Shaving Co Bath & Skin Glow Kit | Diwali Gift Kit | Charcoal Face wash - Peel Off Mask - Face Pack - Sheet mask - Exfol...,726,src/main/resources/data/images/miscellaneous/Gifts38.png
Solobolo Madhubani Painting Kit Tea Coasters with Stand | Art and Craft Kit for Girls 9-12 | Madhubani Art Kit for Girls 1...,699,src/main/resources/data/images/miscellaneous/Gifts39.png
Shaivya Acrylic Customized Photo Printed Musical Plaque - Personalized Spotify Plaque With Scannable Code And Your Photo - C...,299,src/main/resources/data/images/miscellaneous/Gifts40.png
TIED RIBBONS Pack of 6 Mosaic Glass Votive Tealight Candle Holders - Diwali Decoration Items for Home Living Room Bedroom ...,899,src/main/resources/data/images/miscellaneous/Gifts41.png
ADR Plastic NL Traders 3D Illusion LED Light Night Lights for 7 Colors Led Changing Lighting Bedroom Decoration Decorative...,145,src/main/resources/data/images/miscellaneous/Gifts42.png
Cheeksy Tom & Jerry Smile Printed Coffee Tea Milk Mug 300 ml Quote | Cartoon | Gift for Couple | Daughter | Birthday | Fri...,172,src/main/resources/data/images/miscellaneous/Gifts43.png
Diwali Diya Gift Metal Ganesha Idol Diya for Pooja on Leaf | Diwali Gift Items for Home Decorative Puja Gift Items - Ganesh...,259,src/main/resources/data/images/miscellaneous/Gifts44.png
Bryan & Candy New York Lavender And Vanilla Cream diwali Gift Set For Women and Men Combo Heart Kit - Shower gel - Hand & bo...,675,src/main/resources/data/images/miscellaneous/Gifts45.png
mCaffeine Coffee De-Stress Gift Kit for Women & Men | Skin Care Gift Set for Relaxation with Signature Caffeine Products &...,889,src/main/resources/data/images/miscellaneous/Gifts46.png
Oytra 20 Piece Stamps for Kids Emoji and Motivation Reward Art Teachers Students Birthday Gift Craft Scrapbooking,399,src/main/resources/data/images/miscellaneous/Gifts47.png
Giftana Vacuum Flask Set with 3 Stainless Steel Cups Combo - 500ml - Odourless & Keeps Liquid Hot & Cold- Diwali Gift - Chr...,835,src/main/resources/data/images/miscellaneous/Gifts48.png
Scrapbook Photo Album Diary Creative Gifts for Anniversary and Birthday DIY size 24 cm x 18 cm,320,src/main/resources/data/images/miscellaneous/Gifts49.png
Xergy 10 cm 3D Rechargeable Moon Lamp with Touch Control Adjust Brightness Moon Light with Wooden Stand 3D Print for Diwal...,649,src/main/resources/data/images/miscellaneous/Gifts50.png
mCaffeine Coffee Brew Skin Care Gift Set for Women & Men in Premium Packaging | Gift Hamper For Diwali & Bhai Dooj | Gift ...,950,src/main/resources/data/images/miscellaneous/Gifts51.png
WILDHORN Leather Wallet Keychain & Pen Combo for Men I Gift Hamper. (GFT 150) (GIFT150),699,src/main/resources/data/images/miscellaneous/Gifts52.png
Mahi Rose Gold Plated Dual Heart Pendant with chain for Mom with White Crystal Stones PS1101698Z,193,src/main/resources/data/images/miscellaneous/Gifts53.png
Perfumer's Club ""Best Fragrance for Men 2020"" Gift Set of 3(Into The Wild + Wild Child + Wanderer) Upto 24 hrs lasting (Ea...,799,src/main/resources/data/images/miscellaneous/Gifts54.png
Forest Essentials Jasmine & Mogra Body Care Duo Gift Box - 100ml (Body Wash + Body Lotion),625,src/main/resources/data/images/miscellaneous/Gifts55.png
Amazon Brand - Solimo Colored Wax Tealight Candles (Set of 100 - Unscented),359,src/main/resources/data/images/miscellaneous/Gifts56.png
Bella Vita Organic Aroma Candles for Home Decor 4 X 60g Each - (Pack of 2) - Vanilla - Cinnamon - Lavender & R...,599,src/main/resources/data/images/miscellaneous/Gifts57.png
DAAYIM Wooden Message Pills Gift Set 20 Pills & Box with Love Message Engraved,299,src/main/resources/data/images/miscellaneous/Gifts58.png
Cadbury Celebrations Premium Chocolate Gift Pack Pouch - 2 x 217.8 g,440,src/main/resources/data/images/miscellaneous/Gifts59.png
